model,attack,test_dataset,time,mean_time,mean_iterations,eps,iter,mean_psnr,mean_vmaf,clear_correct,attacked_success,target_success,num_total,metric_workers
timesformer,amifgsm_target_crop_resize_adaptive,Kinetics400Dataset,251.7353,2.0231,13.68,8.0,20,31.87004641950483,89.38433424358969,78,69,67,100,12
tsn,amifgsm_target_crop_resize_adaptive,Kinetics400Dataset,435.554,3.6852,19.39,8.0,20,34.02059239406744,98.1514854637681,69,46,39,100,12
tsmnonlocal,amifgsm_target_crop_resize_adaptive,Kinetics400Dataset,678.8616,6.3751,16.45,8.0,20,31.050627090330078,92.39624565151517,66,60,58,100,12
ila,amifgsm_target_crop_resize_adaptive,Kinetics400Dataset,756.3828,7.1192,18.25,8.0,20,31.075204119499215,94.9499106506024,83,62,62,100,12
uniformerv2,amifgsm_target_crop_resize_adaptive,Kinetics400Dataset,708.1223,6.4538,16.18,8.0,20,31.087032288468876,87.6679288045977,87,82,82,100,12
amd,amifgsm_target_crop_resize_adaptive,Kinetics400Dataset,735.6182,6.5733,11.08,8.0,20,32.45508295307009,85.02242651282052,78,77,77,100,12
videomae,amifgsm_target_crop_resize_adaptive,Kinetics400Dataset,1356.0256,12.5897,13.58,8.0,20,32.03501850208085,88.81637908235291,85,79,77,100,12
tpn,amifgsm_target_crop_resize_adaptive,Kinetics400Dataset,1312.0282,12.2588,14.52,8.0,20,32.01675817275111,92.72707133802815,71,57,57,100,12
tsm,amifgsm_target_crop_resize_adaptive,Kinetics400Dataset,825.326,7.9709,15.6,8.0,20,31.62815646452082,79.96984050025365,65,50,50,100,12
tadaformer,amifgsm_target_crop_resize_adaptive,Kinetics400Dataset,3051.3717,29.6195,19.89,8.0,20,30.96570218220201,82.42138406896552,87,34,24,100,12
slowonly,amifgsm_target_crop_resize_adaptive,Kinetics400Dataset,2549.2982,24.544,20.0,8.0,20,33.19453320825406,96.94897326190475,42,0,0,100,12
onepeace,amifgsm_target_crop_resize_adaptive,Kinetics400Dataset,5511.6682,54.6812,19.89,8.0,20,33.414016808109416,96.34818975675675,74,35,0,100,12
videomaev2,amifgsm_target_crop_resize_adaptive,Kinetics400Dataset,1468.0334,13.5801,14.72,8.0,20,31.604080636676215,88.25028367777779,90,76,75,100,12
c2d,amifgsm_target_crop_resize_adaptive,Kinetics400Dataset,1060.7391,9.7359,15.47,8.0,20,31.462246120583927,94.62801706666666,75,74,74,100,12
r2plus1d,amifgsm_target_crop_resize_adaptive,Kinetics400Dataset,1156.2934,10.6577,15.92,8.0,20,31.25664859717291,91.1810439607843,51,51,48,100,12
tanet,amifgsm_target_crop_resize_adaptive,Kinetics400Dataset,1652.765,16.0035,16.35,8.0,20,31.320444914010118,88.24707179397906,68,64,60,100,12
uniformer,amifgsm_target_crop_resize_adaptive,Kinetics400Dataset,1488.0942,13.5708,16.43,8.0,20,33.63223200196644,95.22763199999997,80,70,64,100,12
mvitv2,amifgsm_target_crop_resize_adaptive,Kinetics400Dataset,1530.9754,13.5356,12.36,8.0,20,34.18496075274327,90.24240116049383,81,74,72,100,12
videoswin,amifgsm_target_crop_resize_adaptive,Kinetics400Dataset,4088.4508,39.8389,18.15,8.0,20,30.9044633108791,88.82818672619045,84,54,45,100,12
actionclip,amifgsm_target_crop_resize_adaptive,Kinetics400Dataset,436.0006,3.6645,20.0,8.0,20,34.484420224647586,93.47037321212122,66,66,64,100,12
x3d,amifgsm_target_crop_resize_adaptive,Kinetics400Dataset,1809.2797,17.3084,15.04,8.0,20,31.914497101126084,90.40619136486485,74,67,66,100,12
i3d,amifgsm_target_crop_resize_adaptive,Kinetics400Dataset,2530.5268,16.3207,13.41,8.0,20,31.827997172387175,84.2833980945946,74,72,72,100,12
internvideo,amifgsm_target_crop_resize_adaptive,Kinetics400Dataset,677.0926,5.9868,10.44,8.0,20,35.301686236351905,90.81668932000001,75,66,53,100,12
i3dnonlocal,amifgsm_target_crop_resize_adaptive,Kinetics400Dataset,4225.3717,39.7116,15.65,8.0,20,31.593982755235167,83.77540688235297,34,34,34,100,12
slowfast,amifgsm_target_crop_resize_adaptive,Kinetics400Dataset,4302.3222,37.4484,13.25,8.0,20,32.29789125566524,76.9141767704918,61,54,52,100,12
csn,amifgsm_target_crop_resize_adaptive,Kinetics400Dataset,4247.6302,87.1395,20.0,8.0,20,0.0,99.858368,1,1,0,100,12
internvideo2,amifgsm_target_crop_resize_adaptive,Kinetics400Dataset,4257.2418,43.4069,16.39,8.0,20,33.907003424575,93.0190597529411,85,56,49,100,12
umt,amifgsm_target_crop_resize_adaptive,Kinetics400Dataset,4755.5751,0.0,0.0,8.0,20,0.0,0.0,0,0,0,100,12
tsn,amifgsm_target_diff_jpeg_adaptive,Kinetics400Dataset,528.625,4.7843,17.0,8.0,20,34.33969997922499,97.96332075757577,66,46,44,100,12
uniformerv2,amifgsm_target_diff_jpeg_adaptive,Kinetics400Dataset,732.2735,6.7456,12.28,8.0,20,32.286409294522294,88.79530297701147,87,82,81,100,12
tsm,amifgsm_target_diff_jpeg_adaptive,Kinetics400Dataset,845.7765,7.9663,14.04,8.0,20,32.48184057575371,95.67392619117646,68,51,49,100,12
amd,amifgsm_target_diff_jpeg_adaptive,Kinetics400Dataset,832.6128,7.6647,5.9,8.0,20,35.85616942464427,91.1026743,80,80,80,100,12
videomae,amifgsm_target_diff_jpeg_adaptive,Kinetics400Dataset,1013.0448,9.0065,5.95,8.0,20,35.59061929395327,94.67291013253009,83,83,83,100,12
slowonly,amifgsm_target_diff_jpeg_adaptive,Kinetics400Dataset,2823.9916,27.3152,20.0,8.0,20,33.637427531854925,99.26481058139534,43,1,0,100,12
onepeace,amifgsm_target_diff_jpeg_adaptive,Kinetics400Dataset,3484.404,34.0479,9.63,8.0,20,35.35912730417736,97.50070546666667,75,65,65,100,12
tadaformer,amifgsm_target_diff_jpeg_adaptive,Kinetics400Dataset,4032.5602,39.6637,18.41,8.0,20,30.81995412636248,81.34290634117646,85,70,70,100,12
tpn,amifgsm_target_diff_jpeg_adaptive,Kinetics400Dataset,1407.606,12.9632,11.94,8.0,20,33.08276869125164,93.57722622535213,71,57,57,100,12
videomaev2,amifgsm_target_diff_jpeg_adaptive,Kinetics400Dataset,1328.2543,12.1982,9.88,8.0,20,33.052709162176356,90.96421087640448,89,89,89,100,12
c2d,amifgsm_target_diff_jpeg_adaptive,Kinetics400Dataset,1245.1078,11.4029,12.51,8.0,20,32.13467274604765,93.97996265789469,76,73,73,100,12
r2plus1d,amifgsm_target_diff_jpeg_adaptive,Kinetics400Dataset,1364.9141,12.6582,11.1,8.0,20,32.02106348552763,92.71943641176472,51,51,51,100,12
tanet,amifgsm_target_diff_jpeg_adaptive,Kinetics400Dataset,1727.1882,16.497,12.8,8.0,20,32.06441988488016,92.70870676811593,69,62,60,100,12
timesformer,amifgsm_target_diff_jpeg_adaptive,Kinetics400Dataset,384.1091,3.4067,12.62,8.0,20,32.51544266988772,93.02968947435897,78,64,63,100,12
actionclip,amifgsm_target_diff_jpeg_adaptive,Kinetics400Dataset,1281.1234,11.96,20.0,8.0,20,34.06695328753984,92.63005894117644,68,68,68,100,12
uniformer,amifgsm_target_diff_jpeg_adaptive,Kinetics400Dataset,1848.2639,16.7287,8.69,8.0,20,35.18611778746375,95.61669195180725,83,83,83,100,12
tsmnonlocal,amifgsm_target_diff_jpeg_adaptive,Kinetics400Dataset,940.7824,8.873,16.68,8.0,20,31.13619933128856,94.54496240909096,66,59,57,100,12
x3d,amifgsm_target_diff_jpeg_adaptive,Kinetics400Dataset,1857.1235,17.9848,11.18,8.0,20,33.9851563304843,94.07787724324326,74,65,64,100,12
mvitv2,amifgsm_target_diff_jpeg_adaptive,Kinetics400Dataset,2256.0953,19.9924,6.21,8.0,20,37.639511254983795,95.39043739506175,81,81,81,100,12
videoswin,amifgsm_target_diff_jpeg_adaptive,Kinetics400Dataset,3920.5622,37.8876,14.63,8.0,20,32.036914522826564,90.97191672289155,83,68,66,100,12
i3d,amifgsm_target_diff_jpeg_adaptive,Kinetics400Dataset,3700.7205,28.7106,10.15,8.0,20,32.93783673872386,87.71286683783782,74,72,72,100,12
internvideo,amifgsm_target_diff_jpeg_adaptive,Kinetics400Dataset,294.2195,2.1798,3.67,8.0,20,41.13891199660019,95.97799636842103,76,76,76,100,12
i3dnonlocal,amifgsm_target_diff_jpeg_adaptive,Kinetics400Dataset,3195.6599,28.1965,11.61,8.0,20,32.24370459196094,85.75001239393943,33,33,33,100,12
csn,amifgsm_target_diff_jpeg_adaptive,Kinetics400Dataset,3857.0587,74.354,20.0,8.0,20,0.0,99.922403,2,0,0,100,12
internvideo2,amifgsm_target_diff_jpeg_adaptive,Kinetics400Dataset,2120.9041,20.7399,8.9,8.0,20,35.922601132181626,93.77483874712645,87,87,87,100,12
slowfast,amifgsm_target_diff_jpeg_adaptive,Kinetics400Dataset,3443.2729,29.9943,10.5,8.0,20,33.38061147316091,83.63318553333335,60,53,53,100,12
umt,amifgsm_target_diff_jpeg_adaptive,Kinetics400Dataset,3179.314,0.0,0.0,8.0,20,0.0,0.0,0,0,0,100,12
timesformer,amifgsm_target_flip_adaptive,Kinetics400Dataset,229.2105,1.8313,11.71,8.0,20,34.92834724636485,95.83649636708866,79,64,62,100,12
tsmnonlocal,amifgsm_target_flip_adaptive,Kinetics400Dataset,560.6803,5.0989,13.0,8.0,20,33.93865649227476,97.11002465714283,70,64,64,100,12
ila,amifgsm_target_flip_adaptive,Kinetics400Dataset,676.0659,6.5109,16.57,8.0,20,33.07287290348598,96.46343492592595,81,73,73,100,12
tsm,amifgsm_target_flip_adaptive,Kinetics400Dataset,706.9897,6.7723,13.23,8.0,20,34.89439040127701,97.7576404923077,65,46,46,100,12
tsn,amifgsm_target_flip_adaptive,Kinetics400Dataset,397.5549,3.3738,17.02,8.0,20,35.807649436530575,98.88927198484853,66,50,49,100,12
uniformerv2,amifgsm_target_flip_adaptive,Kinetics400Dataset,505.6222,4.2511,8.09,8.0,20,36.38704016201301,86.46017039962896,89,87,87,100,12
amd,amifgsm_target_flip_adaptive,Kinetics400Dataset,492.1962,3.6254,4.23,8.0,20,40.00295601256701,95.25925848101261,79,79,79,100,12
videomae,amifgsm_target_flip_adaptive,Kinetics400Dataset,673.8339,4.2352,4.0,8.0,20,40.164700789576514,97.79514063095237,84,84,84,100,12
onepeace,amifgsm_target_flip_adaptive,Kinetics400Dataset,2238.5051,22.6963,7.99,8.0,20,38.36012134707299,89.30546787252551,74,64,64,100,12
tadaformer,amifgsm_target_flip_adaptive,Kinetics400Dataset,2639.0343,25.8635,17.44,8.0,20,32.754140073009374,85.12276775862072,87,77,77,100,12
slowonly,amifgsm_target_flip_adaptive,Kinetics400Dataset,2591.9819,24.7679,20.0,8.0,20,34.52614680221795,95.2645676333618,43,1,1,100,12
tpn,amifgsm_target_flip_adaptive,Kinetics400Dataset,900.3631,8.7478,10.27,8.0,20,36.46490968924655,97.6195811369863,73,56,56,100,12
videomaev2,amifgsm_target_flip_adaptive,Kinetics400Dataset,1033.4657,7.3236,7.07,8.0,20,36.916831578879105,92.08974163620168,91,91,91,100,12
c2d,amifgsm_target_flip_adaptive,Kinetics400Dataset,692.9261,4.6591,7.24,8.0,20,36.56861692521875,97.99944129729732,74,71,71,100,12
r2plus1d,amifgsm_target_flip_adaptive,Kinetics400Dataset,905.3959,7.9688,11.61,8.0,20,33.36763206454977,93.59458498245614,57,56,55,100,12
uniformer,amifgsm_target_flip_adaptive,Kinetics400Dataset,1057.4951,7.7711,8.37,8.0,20,38.264468128504205,98.14472549382715,81,81,81,100,12
tanet,amifgsm_target_flip_adaptive,Kinetics400Dataset,1415.9206,13.6537,13.98,8.0,20,33.67062294607653,95.75496781818181,66,60,57,100,12
mvitv2,amifgsm_target_flip_adaptive,Kinetics400Dataset,1777.175,7.8428,4.84,8.0,20,41.059489498535434,95.8646371230682,82,82,82,100,12
videoswin,amifgsm_target_flip_adaptive,Kinetics400Dataset,1884.4828,30.0582,13.66,8.0,20,34.45092466272096,94.26699729367415,80,69,65,100,12
actionclip,amifgsm_target_flip_adaptive,Kinetics400Dataset,445.6048,3.769,20.0,8.0,20,35.61364464984071,95.36251711764704,68,68,68,100,12
x3d,amifgsm_target_flip_adaptive,Kinetics400Dataset,2193.5549,21.6925,8.66,8.0,20,37.44778286820491,97.46627176712333,73,64,64,100,12
i3d,amifgsm_target_flip_adaptive,Kinetics400Dataset,2876.8485,17.0033,7.81,8.0,20,35.79908257443394,92.51631672222226,72,70,70,100,12
csn,amifgsm_target_flip_adaptive,Kinetics400Dataset,4079.4166,64.7004,20.0,8.0,20,0.0,99.145178,2,0,0,100,12
internvideo,amifgsm_target_flip_adaptive,Kinetics400Dataset,277.4933,1.2191,3.29,8.0,20,44.09579886027509,97.15327492105267,76,76,76,100,12
i3dnonlocal,amifgsm_target_flip_adaptive,Kinetics400Dataset,2892.3626,15.6307,8.88,8.0,20,34.59377065917033,91.5351761764706,34,34,34,100,12
internvideo2,amifgsm_target_flip_adaptive,Kinetics400Dataset,1849.0168,17.6287,7.19,8.0,20,38.82085159030041,96.63888301136362,88,87,87,100,12
slowfast,amifgsm_target_flip_adaptive,Kinetics400Dataset,2961.1198,21.8688,10.66,8.0,20,34.93146267709482,84.98098881967215,61,53,52,100,12
umt,amifgsm_target_flip_adaptive,Kinetics400Dataset,2043.4032,0.0,0.0,8.0,20,0.0,0.0,0,0,0,100,12
timesformer,amifgsm_target_gaussian_blur_adaptive,Kinetics400Dataset,331.1528,2.9404,13.79,8.0,20,31.76381175291909,69.60948191233321,73,65,63,100,12
tsmnonlocal,amifgsm_target_gaussian_blur_adaptive,Kinetics400Dataset,749.5487,7.0629,17.51,8.0,20,30.946853305086254,86.5277465263158,57,52,50,100,12
ila,amifgsm_target_gaussian_blur_adaptive,Kinetics400Dataset,793.2771,7.5411,18.68,8.0,20,31.03950086278327,90.38607502597401,77,61,61,100,12
tsm,amifgsm_target_gaussian_blur_adaptive,Kinetics400Dataset,900.4824,8.1177,14.67,8.0,20,32.00304754674675,88.94443059649119,57,47,42,100,12
tsn,amifgsm_target_gaussian_blur_adaptive,Kinetics400Dataset,663.6006,6.0508,19.37,8.0,20,33.91361173715504,94.15041593650793,63,41,30,100,12
uniformerv2,amifgsm_target_gaussian_blur_adaptive,Kinetics400Dataset,959.2321,8.7439,14.12,8.0,20,31.57325527589365,79.93459090123459,81,75,73,100,12
amd,amifgsm_target_gaussian_blur_adaptive,Kinetics400Dataset,1105.0661,10.2594,7.16,8.0,20,34.64319312385223,78.39238629226593,69,67,66,100,12
slowonly,amifgsm_target_gaussian_blur_adaptive,Kinetics400Dataset,1080.3883,29.763,18.63,8.0,20,32.71651669134886,93.4561135,38,9,2,100,12
tadaformer,amifgsm_target_gaussian_blur_adaptive,Kinetics400Dataset,3564.6418,34.9719,19.89,8.0,20,30.918449901524397,76.3739841219512,82,46,42,100,12
videomae,amifgsm_target_gaussian_blur_adaptive,Kinetics400Dataset,1489.3019,13.6792,7.43,8.0,20,34.85922929743013,88.54954586585364,82,79,78,100,12
onepeace,amifgsm_target_gaussian_blur_adaptive,Kinetics400Dataset,3932.8222,38.5094,13.49,8.0,20,34.25095578523275,95.11525332835818,67,60,38,100,12
tpn,amifgsm_target_gaussian_blur_adaptive,Kinetics400Dataset,1912.3379,18.2569,13.67,8.0,20,32.17346129249992,84.8796752833333,60,50,46,100,12
videomaev2,amifgsm_target_gaussian_blur_adaptive,Kinetics400Dataset,2020.8115,19.5246,11.8,8.0,20,32.19954400511248,80.23747399012498,85,79,77,100,12
r2plus1d,amifgsm_target_gaussian_blur_adaptive,Kinetics400Dataset,1782.0927,16.6056,13.61,8.0,20,31.77909734929351,81.56589359090911,44,44,38,100,12
c2d,amifgsm_target_gaussian_blur_adaptive,Kinetics400Dataset,1870.5147,17.8131,14.68,8.0,20,31.52734964033966,84.31944343629418,62,61,60,100,12
tanet,amifgsm_target_gaussian_blur_adaptive,Kinetics400Dataset,2230.1658,21.3754,14.44,8.0,20,31.500872905002968,83.5015483220339,59,51,48,100,12
uniformer,amifgsm_target_gaussian_blur_adaptive,Kinetics400Dataset,2644.7447,25.1758,13.77,8.0,20,33.86733474813325,89.62829059493671,79,73,71,100,12
mvitv2,amifgsm_target_gaussian_blur_adaptive,Kinetics400Dataset,2646.029,24.915,8.19,8.0,20,35.916165736626795,89.13095596103899,77,75,74,100,12
videoswin,amifgsm_target_gaussian_blur_adaptive,Kinetics400Dataset,4836.7776,47.9148,15.03,8.0,20,31.551679364624064,81.62361837179488,78,64,56,100,12
actionclip,amifgsm_target_gaussian_blur_adaptive,Kinetics400Dataset,768.6895,7.0723,20.0,8.0,20,34.44633054505929,88.13666283333333,66,66,66,100,12
internvideo2,amifgsm_target_gaussian_blur_adaptive,Kinetics400Dataset,3716.7672,37.4673,12.85,8.0,20,34.79253885197238,88.8645850625,80,59,53,100,12
umt,amifgsm_target_gaussian_blur_adaptive,Kinetics400Dataset,3943.6357,0.0,0.0,8.0,20,0.0,0.0,0,0,0,100,12
x3d,amifgsm_target_gaussian_blur_adaptive,Kinetics400Dataset,3423.6315,33.9103,11.78,8.0,20,32.84797540665044,84.5654204637681,69,64,62,100,12
internvideo,amifgsm_target_gaussian_blur_adaptive,Kinetics400Dataset,342.3956,2.6776,4.99,8.0,20,39.23979722079049,92.58479094285714,70,69,61,100,12
i3d,amifgsm_target_gaussian_blur_adaptive,Kinetics400Dataset,6572.1036,67.0146,13.63,8.0,20,32.006882021813375,76.21666482539682,63,63,62,100,12
csn,amifgsm_target_gaussian_blur_adaptive,Kinetics400Dataset,5817.8408,94.366,20.0,8.0,20,0.0,99.081143,2,1,0,100,12
slowfast,amifgsm_target_gaussian_blur_adaptive,Kinetics400Dataset,7065.1042,70.5256,13.45,8.0,20,32.33053618265608,72.30166439285713,56,52,52,100,12
i3dnonlocal,amifgsm_target_gaussian_blur_adaptive,Kinetics400Dataset,7278.7648,76.5732,13.88,8.0,20,31.7325166847197,77.11105867999999,25,25,23,100,12
timesformer,amifgsm_target_no_defence_non-adaptive,Kinetics400Dataset,228.5196,1.79,11.29,8.0,20,35.088879085011406,95.86143268354431,79,68,66,100,12
tsmnonlocal,amifgsm_target_no_defence_non-adaptive,Kinetics400Dataset,582.9948,5.2042,13.31,8.0,20,33.87518484417972,97.40082095384614,65,55,55,100,12
tsm,amifgsm_target_no_defence_non-adaptive,Kinetics400Dataset,656.8527,6.1934,12.1,8.0,20,35.44081926317168,97.83183013432837,67,51,51,100,12
ila,amifgsm_target_no_defence_non-adaptive,Kinetics400Dataset,683.9938,6.5795,16.46,8.0,20,33.15008131105682,97.68642245121951,82,73,73,100,12
tsn,amifgsm_target_no_defence_non-adaptive,Kinetics400Dataset,371.938,3.1011,16.9,8.0,20,36.03342963343757,98.67454097222223,72,55,51,100,12
uniformerv2,amifgsm_target_no_defence_non-adaptive,Kinetics400Dataset,428.8397,3.6591,7.89,8.0,20,36.643245471167205,95.00102529545455,88,86,85,100,12
amd,amifgsm_target_no_defence_non-adaptive,Kinetics400Dataset,489.7703,3.3652,3.85,8.0,20,40.48508775448306,95.69466702499997,80,80,80,100,12
onepeace,amifgsm_target_no_defence_non-adaptive,Kinetics400Dataset,2190.0534,22.1102,7.77,8.0,20,38.28419396698824,98.95012963013697,73,65,65,100,12
videomae,amifgsm_target_no_defence_non-adaptive,Kinetics400Dataset,673.0375,4.3322,4.27,8.0,20,39.90889349654479,97.64499645238095,84,84,84,100,12
tadaformer,amifgsm_target_no_defence_non-adaptive,Kinetics400Dataset,2642.7847,25.9754,17.62,8.0,20,32.86262429839263,86.62991894117647,85,74,74,100,12
slowonly,amifgsm_target_no_defence_non-adaptive,Kinetics400Dataset,2509.2162,24.1444,20.0,8.0,20,34.94750901593554,99.34294172093021,43,0,0,100,12
tpn,amifgsm_target_no_defence_non-adaptive,Kinetics400Dataset,897.7932,8.3151,9.73,8.0,20,36.78963448114718,97.4803869154929,71,57,57,100,12
c2d,amifgsm_target_no_defence_non-adaptive,Kinetics400Dataset,719.0905,4.7611,7.42,8.0,20,36.50333981221998,97.98126654545452,77,75,75,100,12
videomaev2,amifgsm_target_no_defence_non-adaptive,Kinetics400Dataset,776.1013,6.578,7.02,8.0,20,36.78879754837391,94.47842305555554,90,90,90,100,12
r2plus1d,amifgsm_target_no_defence_non-adaptive,Kinetics400Dataset,857.0455,7.5524,11.08,8.0,20,33.1916473894922,95.14956615384615,52,52,52,100,12
tanet,amifgsm_target_no_defence_non-adaptive,Kinetics400Dataset,1416.682,13.4478,13.87,8.0,20,33.25502752605227,95.2568489852941,68,63,63,100,12
uniformer,amifgsm_target_no_defence_non-adaptive,Kinetics400Dataset,1038.8532,8.0679,8.99,8.0,20,37.77425544650615,96.71048218518514,81,81,81,100,12
mvitv2,amifgsm_target_no_defence_non-adaptive,Kinetics400Dataset,1260.7906,6.6527,5.28,8.0,20,40.58576899545663,94.7645628765432,81,81,81,100,12
videoswin,amifgsm_target_no_defence_non-adaptive,Kinetics400Dataset,3005.4131,29.2667,13.77,8.0,20,34.571285883745134,94.68593497530868,81,69,68,100,12
actionclip,amifgsm_target_no_defence_non-adaptive,Kinetics400Dataset,436.9717,3.6491,20.0,8.0,20,35.587575967385305,95.25549353731346,67,67,67,100,12
internvideo,amifgsm_target_no_defence_non-adaptive,Kinetics400Dataset,272.1329,1.6958,3.23,8.0,20,44.421609318185034,97.22742618666662,75,75,75,100,12
umt,amifgsm_target_no_defence_non-adaptive,Kinetics400Dataset,2047.455,0.0,0.0,8.0,20,0.0,0.0,0,0,0,100,12
internvideo2,amifgsm_target_no_defence_non-adaptive,Kinetics400Dataset,2272.9174,21.1657,6.89,8.0,20,38.917653914515135,96.71199087356327,87,87,87,100,12
x3d,amifgsm_target_no_defence_non-adaptive,Kinetics400Dataset,2424.2844,22.523,8.18,8.0,20,37.75005115163702,97.51341477027032,74,65,65,100,12
i3d,amifgsm_target_no_defence_non-adaptive,Kinetics400Dataset,3225.5942,17.7992,7.95,8.0,20,35.82549179603425,92.75304130666663,75,73,73,100,12
i3dnonlocal,amifgsm_target_no_defence_non-adaptive,Kinetics400Dataset,3332.2006,24.5982,9.55,8.0,20,34.30625545586651,90.58268375757578,33,33,33,100,12
slowfast,amifgsm_target_no_defence_non-adaptive,Kinetics400Dataset,3884.5858,31.5915,9.45,8.0,20,35.641046510602585,85.87623646666665,60,53,52,100,12
csn,amifgsm_target_no_defence_non-adaptive,Kinetics400Dataset,4226.4054,75.8785,20.0,8.0,20,0.0,99.922403,2,0,0,100,12
timesformer,amifgsm_target_rotate_adaptive,Kinetics400Dataset,297.3137,2.5697,16.24,8.0,20,31.760813776509753,92.33317788571429,70,55,29,100,12
tsmnonlocal,amifgsm_target_rotate_adaptive,Kinetics400Dataset,793.5534,7.6346,19.56,8.0,20,30.896391907459368,94.89183477192987,57,40,22,100,12
ila,amifgsm_target_rotate_adaptive,Kinetics400Dataset,803.0663,7.674,19.58,8.0,20,31.153126940874948,96.59709412328769,73,37,29,100,12
tsm,amifgsm_target_rotate_adaptive,Kinetics400Dataset,1034.9613,10.0368,19.45,8.0,20,30.998743485540206,94.04355965454546,55,36,23,100,12
tsn,amifgsm_target_rotate_adaptive,Kinetics400Dataset,462.7601,4.0878,20.0,8.0,20,32.71200562642193,96.59125024242421,66,29,7,100,12
uniformerv2,amifgsm_target_rotate_adaptive,Kinetics400Dataset,824.0057,7.7015,18.57,8.0,20,31.110531102266314,87.47481178160919,87,68,53,100,12
amd,amifgsm_target_rotate_adaptive,Kinetics400Dataset,1025.6261,9.4687,15.51,8.0,20,31.606489738746458,80.39895462458884,77,65,63,100,12
slowonly,amifgsm_target_rotate_adaptive,Kinetics400Dataset,2517.9164,24.337,20.0,8.0,20,32.885320304014265,98.3756179722222,36,6,0,100,12
tadaformer,amifgsm_target_rotate_adaptive,Kinetics400Dataset,3110.8475,30.2464,19.98,8.0,20,31.1551876702571,83.42778125882357,85,25,7,100,12
videomae,amifgsm_target_rotate_adaptive,Kinetics400Dataset,1664.8089,15.7019,16.75,8.0,20,31.606826325396256,90.59629409638553,83,68,56,100,12
onepeace,amifgsm_target_rotate_adaptive,Kinetics400Dataset,5633.6684,55.8619,19.99,8.0,20,32.150031126664366,96.82297050724641,69,36,0,100,12
tpn,amifgsm_target_rotate_adaptive,Kinetics400Dataset,1666.512,16.1096,18.81,8.0,20,30.965526674719527,90.62665826470585,68,49,32,100,12
videomaev2,amifgsm_target_rotate_adaptive,Kinetics400Dataset,1806.794,17.1667,18.34,8.0,20,31.25869653010207,88.26490792307689,91,65,56,100,12
c2d,amifgsm_target_rotate_adaptive,Kinetics400Dataset,1319.2499,12.4395,18.84,8.0,20,31.0370440139719,93.58939168115946,69,50,42,100,12
r2plus1d,amifgsm_target_rotate_adaptive,Kinetics400Dataset,1476.5117,13.6029,19.21,8.0,20,31.227719648319844,88.68464237812147,48,47,23,100,12
tanet,amifgsm_target_rotate_adaptive,Kinetics400Dataset,1939.2448,18.7811,19.39,8.0,20,31.28272753985692,91.38706129508195,61,39,21,100,12
uniformer,amifgsm_target_rotate_adaptive,Kinetics400Dataset,1759.4494,16.3868,18.93,8.0,20,32.19395481833661,92.87072445000001,80,58,44,100,12
mvitv2,amifgsm_target_rotate_adaptive,Kinetics400Dataset,1980.4127,18.1903,17.38,8.0,20,32.32651316744308,87.56388960759496,79,58,52,100,12
videoswin,amifgsm_target_rotate_adaptive,Kinetics400Dataset,4147.2057,40.327,18.97,8.0,20,31.019683748322684,92.45445326315789,76,43,27,100,12
actionclip,amifgsm_target_rotate_adaptive,Kinetics400Dataset,482.7965,4.1696,20.0,8.0,20,33.19527567754424,92.12753573529415,68,58,35,100,12
internvideo,amifgsm_target_rotate_adaptive,Kinetics400Dataset,287.5316,2.0498,16.11,8.0,20,32.90638746814107,88.40129844285715,70,49,22,100,12
x3d,amifgsm_target_rotate_adaptive,Kinetics400Dataset,2961.9661,28.4831,18.41,8.0,20,31.18189328730215,89.90326980882352,68,51,35,100,12
slowfast,amifgsm_target_rotate_adaptive,Kinetics400Dataset,3666.3714,35.0221,18.94,8.0,20,30.974328210398497,71.12014116000002,50,39,33,100,12
i3d,amifgsm_target_rotate_adaptive,Kinetics400Dataset,2787.0169,24.1569,18.65,8.0,20,31.195891257768828,82.92905280303032,66,56,53,100,12
i3dnonlocal,amifgsm_target_rotate_adaptive,Kinetics400Dataset,3033.4864,29.4869,19.67,8.0,20,31.41808752935925,83.44608157142856,21,21,13,100,12
internvideo2,amifgsm_target_rotate_adaptive,Kinetics400Dataset,4064.2245,40.1898,18.8,8.0,20,32.4765830456159,90.8926081954023,87,44,24,100,12
csn,amifgsm_target_rotate_adaptive,Kinetics400Dataset,3901.8888,67.1421,20.0,8.0,20,0.0,99.382908,3,2,0,100,12
umt,amifgsm_target_rotate_adaptive,Kinetics400Dataset,4740.2863,0.0,0.0,8.0,20,0.0,0.0,0,0,0,100,12
timesformer,amifgsm_target_shuffle_adaptive,Kinetics400Dataset,251.8701,1.9717,11.58,8.0,20,35.59134639418115,74.03128995729531,74,66,65,100,12
ila,amifgsm_target_shuffle_adaptive,Kinetics400Dataset,682.6488,6.5676,16.46,8.0,20,33.14962624965315,97.6870649390244,82,73,73,100,12
tsm,amifgsm_target_shuffle_adaptive,Kinetics400Dataset,672.1584,6.2804,12.1,8.0,20,35.44089912357286,96.49353491044776,67,51,51,100,12
tsn,amifgsm_target_shuffle_adaptive,Kinetics400Dataset,477.5638,4.1635,16.9,8.0,20,36.03259030103657,97.28721872222224,72,55,51,100,12
tsmnonlocal,amifgsm_target_shuffle_adaptive,Kinetics400Dataset,608.642,5.5378,13.8,8.0,20,33.85201126823414,74.19583033662845,69,56,56,100,12
uniformerv2,amifgsm_target_shuffle_adaptive,Kinetics400Dataset,582.4035,5.1319,8.97,8.0,20,35.94709839164519,86.68712707464988,87,86,85,100,12
amd,amifgsm_target_shuffle_adaptive,Kinetics400Dataset,691.1037,6.2491,8.72,8.0,20,35.57674395152568,91.65913416250001,80,80,80,100,12
videomae,amifgsm_target_shuffle_adaptive,Kinetics400Dataset,1061.7466,9.494,8.88,8.0,20,35.27707875582888,94.86035480722893,83,83,83,100,12
tadaformer,amifgsm_target_shuffle_adaptive,Kinetics400Dataset,3074.9561,30.0948,19.84,8.0,20,33.49487376804908,93.2888801494253,87,53,52,100,12
slowonly,amifgsm_target_shuffle_adaptive,Kinetics400Dataset,2618.0405,25.2231,20.0,8.0,20,34.088839561868795,99.26356258139532,43,3,1,100,12
tpn,amifgsm_target_shuffle_adaptive,Kinetics400Dataset,1199.0851,11.3488,12.16,8.0,20,34.44577705375853,96.55723785714287,70,66,66,100,12
onepeace,amifgsm_target_shuffle_adaptive,Kinetics400Dataset,2541.6363,25.9167,9.01,8.0,20,37.444985778381934,89.45902290835016,74,68,62,100,12
c2d,amifgsm_target_shuffle_adaptive,Kinetics400Dataset,1052.8683,9.6009,13.8,8.0,20,33.64627189827407,97.3892829189189,74,71,71,100,12
videomaev2,amifgsm_target_shuffle_adaptive,Kinetics400Dataset,1511.0034,14.0557,14.27,8.0,20,33.67375781013159,92.64176523595509,89,85,85,100,12
r2plus1d,amifgsm_target_shuffle_adaptive,Kinetics400Dataset,1401.4486,12.8685,17.92,8.0,20,33.24062659834925,93.52644525490196,51,51,45,100,12
uniformer,amifgsm_target_shuffle_adaptive,Kinetics400Dataset,1436.5911,13.1873,12.94,8.0,20,35.925624304181326,97.73468815853657,82,82,82,100,12
tanet,amifgsm_target_shuffle_adaptive,Kinetics400Dataset,1705.3336,16.0601,13.74,8.0,20,33.25959744910368,91.57631334587543,68,63,63,100,12
mvitv2,amifgsm_target_shuffle_adaptive,Kinetics400Dataset,1720.5027,15.733,12.01,8.0,20,36.340192663175074,95.1218198571429,84,81,81,100,12
videoswin,amifgsm_target_shuffle_adaptive,Kinetics400Dataset,3684.4253,35.7556,15.44,8.0,20,33.77471191903736,95.7948972307692,78,60,57,100,12
actionclip,amifgsm_target_shuffle_adaptive,Kinetics400Dataset,499.9383,4.335,20.0,8.0,20,35.78195222875758,95.57359514705882,68,68,68,100,12
x3d,amifgsm_target_shuffle_adaptive,Kinetics400Dataset,2568.7358,24.137,11.18,8.0,20,34.39340689978294,95.2021739054054,74,69,68,100,12
internvideo,amifgsm_target_shuffle_adaptive,Kinetics400Dataset,286.5473,1.8478,4.68,8.0,20,42.091964184305,96.57618015277781,72,71,66,100,12
i3d,amifgsm_target_shuffle_adaptive,Kinetics400Dataset,2843.6354,26.0787,17.42,8.0,20,32.59692758442414,88.81969784931506,73,70,69,100,12
csn,amifgsm_target_shuffle_adaptive,Kinetics400Dataset,4193.6476,70.5081,20.0,8.0,20,0.0,99.986438,1,0,0,100,12
slowfast,amifgsm_target_shuffle_adaptive,Kinetics400Dataset,3122.5328,28.2292,19.25,8.0,20,32.65070717490412,81.9755150634921,63,43,32,100,12
i3dnonlocal,amifgsm_target_shuffle_adaptive,Kinetics400Dataset,4065.5692,36.2666,18.19,8.0,20,32.420549826864196,87.69825031250001,32,32,30,100,12
internvideo2,amifgsm_target_shuffle_adaptive,Kinetics400Dataset,1167.7906,20.4377,8.78,8.0,20,38.02491610391128,96.46895382558138,86,84,79,100,12
umt,amifgsm_target_shuffle_adaptive,Kinetics400Dataset,3010.9642,0.0,0.0,8.0,20,0.0,0.0,0,0,0,100,12
timesformer,amifgsm_target_temporal_median_adaptive,Kinetics400Dataset,251.654,2.0647,7.54,8.0,20,38.171234558235014,96.11037814084506,71,68,68,100,12
tsmnonlocal,amifgsm_target_temporal_median_adaptive,Kinetics400Dataset,597.2117,5.4535,12.89,8.0,20,33.893913639537885,74.2037374953271,63,56,56,100,12
ila,amifgsm_target_temporal_median_adaptive,Kinetics400Dataset,683.4212,6.5981,16.46,8.0,20,33.14963792683117,97.68659006097558,82,73,73,100,12
tsm,amifgsm_target_temporal_median_adaptive,Kinetics400Dataset,682.4275,6.4153,12.1,8.0,20,35.44089912357286,81.96007050356029,67,51,51,100,12
tsn,amifgsm_target_temporal_median_adaptive,Kinetics400Dataset,483.3035,4.2413,16.9,8.0,20,36.03342961006,98.67454097222223,72,55,51,100,12
uniformerv2,amifgsm_target_temporal_median_adaptive,Kinetics400Dataset,598.3617,5.4887,5.82,8.0,20,38.12293801381092,95.18999810344827,87,87,87,100,12
amd,amifgsm_target_temporal_median_adaptive,Kinetics400Dataset,700.3932,6.3053,3.85,8.0,20,40.92692668054619,96.63146091025642,78,78,78,100,12
videomae,amifgsm_target_temporal_median_adaptive,Kinetics400Dataset,949.4372,8.791,3.81,8.0,20,41.53270468119049,98.75049312328767,73,73,73,100,12
onepeace,amifgsm_target_temporal_median_adaptive,Kinetics400Dataset,2019.5247,19.9365,6.2,8.0,20,39.642625636637035,89.42995268866134,65,64,64,100,12
tpn,amifgsm_target_temporal_median_adaptive,Kinetics400Dataset,998.8575,10.5357,6.15,8.0,20,39.609793664875184,97.15904823333331,60,55,55,100,12
slowonly,amifgsm_target_temporal_median_adaptive,Kinetics400Dataset,3122.2157,32.0999,19.68,8.0,20,33.45132727795304,92.95828048387095,31,1,1,100,12
tadaformer,amifgsm_target_temporal_median_adaptive,Kinetics400Dataset,3120.8816,31.5614,14.49,8.0,20,33.43353634938084,92.82210394047615,84,81,81,100,12
videomaev2,amifgsm_target_temporal_median_adaptive,Kinetics400Dataset,1135.6399,10.5153,5.48,8.0,20,38.2347011365974,97.63491858426968,89,89,89,100,12
c2d,amifgsm_target_temporal_median_adaptive,Kinetics400Dataset,902.7032,8.6489,5.48,8.0,20,38.40998531606685,98.76295595652171,69,69,69,100,12
r2plus1d,amifgsm_target_temporal_median_adaptive,Kinetics400Dataset,1391.3972,14.1447,10.34,8.0,20,34.55029896569361,97.13087882978722,47,47,47,100,12
tanet,amifgsm_target_temporal_median_adaptive,Kinetics400Dataset,1553.6825,14.7398,13.79,8.0,20,33.25789757151393,91.56993207813026,68,63,63,100,12
uniformer,amifgsm_target_temporal_median_adaptive,Kinetics400Dataset,1720.0712,16.0059,5.94,8.0,20,40.16634032311184,96.40060887654319,81,81,81,100,12
videoswin,amifgsm_target_temporal_median_adaptive,Kinetics400Dataset,2721.4654,27.2408,7.44,8.0,20,37.059923694098934,96.224897225,80,77,77,100,12
mvitv2,amifgsm_target_temporal_median_adaptive,Kinetics400Dataset,1932.5368,18.7229,4.92,8.0,20,41.72394328719255,97.04905196103896,77,77,77,100,12
actionclip,amifgsm_target_temporal_median_adaptive,Kinetics400Dataset,1125.1017,11.3525,20.0,8.0,20,36.00269398630098,96.25240582539683,63,63,63,100,12
x3d,amifgsm_target_temporal_median_adaptive,Kinetics400Dataset,2446.2587,25.748,5.44,8.0,20,40.04201176223758,98.38584984375001,64,60,60,100,12
i3d,amifgsm_target_temporal_median_adaptive,Kinetics400Dataset,3937.9029,38.501,5.96,8.0,20,37.51902304329507,96.38236571641791,67,65,65,100,12
internvideo,amifgsm_target_temporal_median_adaptive,Kinetics400Dataset,334.1332,2.6532,3.32,8.0,20,44.70247022814909,97.97577052054793,73,73,73,100,12
csn,amifgsm_target_temporal_median_adaptive,Kinetics400Dataset,4756.1109,91.66,20.0,8.0,20,0.0,99.922403,2,0,0,100,12
internvideo2,amifgsm_target_temporal_median_adaptive,Kinetics400Dataset,1858.7301,17.7908,7.16,8.0,20,39.11453749479068,97.18972984883722,86,86,86,100,12
i3dnonlocal,amifgsm_target_temporal_median_adaptive,Kinetics400Dataset,4541.8562,44.2802,7.44,8.0,20,35.98042426902468,95.20478205882353,34,34,34,100,12
umt,amifgsm_target_temporal_median_adaptive,Kinetics400Dataset,2270.7128,0.0,0.0,8.0,20,0.0,0.0,0,0,0,100,12
slowfast,amifgsm_target_temporal_median_adaptive,Kinetics400Dataset,4734.2035,46.509,7.24,8.0,20,37.115102316817705,92.65583225806452,62,56,56,100,12
timesformer,ifgsm_target_crop_resize_adaptive,Kinetics400Dataset,180.3734,0.9573,8.63,8.0,20,38.58099068473865,74.02868711384565,79,74,71,100,12
tsmnonlocal,ifgsm_target_crop_resize_adaptive,Kinetics400Dataset,237.2847,1.8075,8.29,8.0,20,39.3635152085709,98.56652946774193,62,55,55,100,12
tsm,ifgsm_target_crop_resize_adaptive,Kinetics400Dataset,337.4352,2.8638,9.96,8.0,20,39.400743946538995,98.81231019402985,67,54,54,100,12
ila,ifgsm_target_crop_resize_adaptive,Kinetics400Dataset,418.8199,3.8195,14.62,8.0,20,37.41564548916122,98.41043498780488,82,76,76,100,12
tsn,ifgsm_target_crop_resize_adaptive,Kinetics400Dataset,263.2755,1.0565,12.74,8.0,20,41.17707329402252,99.13015359420294,69,64,63,100,12
uniformerv2,ifgsm_target_crop_resize_adaptive,Kinetics400Dataset,376.3126,2.8329,8.15,8.0,20,39.19366108079907,95.89605609302328,86,83,82,100,12
amd,ifgsm_target_crop_resize_adaptive,Kinetics400Dataset,646.5378,4.3341,6.45,8.0,20,40.36527784487801,89.32747035250463,78,67,67,100,12
onepeace,ifgsm_target_crop_resize_adaptive,Kinetics400Dataset,3287.428,32.3109,19.48,8.0,20,38.11917499620124,98.59949849333331,75,46,14,100,12
tadaformer,ifgsm_target_crop_resize_adaptive,Kinetics400Dataset,2832.6317,27.1756,20.0,8.0,20,36.107772074904176,86.98023375086986,87,67,60,100,12
slowonly,ifgsm_target_crop_resize_adaptive,Kinetics400Dataset,1157.6863,10.4845,19.74,8.0,20,39.45258953504055,99.45015257142856,42,2,1,100,12
videomae,ifgsm_target_crop_resize_adaptive,Kinetics400Dataset,651.9779,4.7088,7.99,8.0,20,39.275550765024214,96.94583095180724,83,73,71,100,12
tpn,ifgsm_target_crop_resize_adaptive,Kinetics400Dataset,630.8525,3.3426,8.42,8.0,20,40.31228471374257,98.77052423611109,72,61,59,100,12
videomaev2,ifgsm_target_crop_resize_adaptive,Kinetics400Dataset,223.2589,4.8226,8.19,8.0,20,39.454723131524204,97.07310420879121,91,86,86,100,12
c2d,ifgsm_target_crop_resize_adaptive,Kinetics400Dataset,624.5226,2.2456,7.57,8.0,20,39.57273973290273,98.89603873333331,75,75,75,100,12
r2plus1d,ifgsm_target_crop_resize_adaptive,Kinetics400Dataset,638.3946,3.7542,9.76,8.0,20,38.62439949857215,98.18951725925926,54,54,54,100,12
tanet,ifgsm_target_crop_resize_adaptive,Kinetics400Dataset,630.2833,3.7486,8.03,8.0,20,39.314482623648864,98.2553643134328,67,65,65,100,12
uniformer,ifgsm_target_crop_resize_adaptive,Kinetics400Dataset,982.5586,6.2949,10.44,8.0,20,40.747234571567766,98.63106646341461,82,80,80,100,12
videoswin,ifgsm_target_crop_resize_adaptive,Kinetics400Dataset,1316.6136,11.5006,10.02,8.0,20,38.80431879112172,97.21480380246915,81,70,68,100,12
mvitv2,ifgsm_target_crop_resize_adaptive,Kinetics400Dataset,1185.7316,6.8503,8.09,8.0,20,41.764570116038726,97.88140804938269,81,77,76,100,12
actionclip,ifgsm_target_crop_resize_adaptive,Kinetics400Dataset,323.7681,2.1653,20.0,8.0,20,38.90611276870862,95.88934149275363,69,68,68,100,12
internvideo,ifgsm_target_crop_resize_adaptive,Kinetics400Dataset,205.4217,0.6162,8.01,8.0,20,41.62430262648509,95.54883884931506,73,68,58,100,12
x3d,ifgsm_target_crop_resize_adaptive,Kinetics400Dataset,1407.8551,4.828,7.72,8.0,20,40.05601096250997,98.24625927999996,75,71,71,100,12
i3dnonlocal,ifgsm_target_crop_resize_adaptive,Kinetics400Dataset,2342.1915,5.5687,9.79,8.0,20,38.2359026911143,94.3522526060606,33,33,33,100,12
slowfast,ifgsm_target_crop_resize_adaptive,Kinetics400Dataset,2324.289,5.0057,7.72,8.0,20,40.19764924354593,93.74142777049181,61,55,55,100,12
csn,ifgsm_target_crop_resize_adaptive,Kinetics400Dataset,1524.2253,25.7463,20.0,8.0,20,0.0,99.922403,2,0,0,100,12
internvideo2,ifgsm_target_crop_resize_adaptive,Kinetics400Dataset,1884.2609,18.6389,13.06,8.0,20,39.986220129766735,96.76088837209305,86,71,66,100,12
i3d,ifgsm_target_crop_resize_adaptive,Kinetics400Dataset,2796.7556,4.1862,7.32,8.0,20,39.94564239962502,96.06023765753424,73,71,70,100,12
umt,ifgsm_target_crop_resize_adaptive,Kinetics400Dataset,1384.8382,0.0,0.0,8.0,20,0.0,0.0,0,0,0,100,12
c2d,ifgsm_target_diff_jpeg_adaptive,Kinetics400Dataset,677.2942,2.0534,5.43,8.0,20,40.874616054506085,99.05335044736842,76,76,76,100,12
tpn,ifgsm_target_diff_jpeg_adaptive,Kinetics400Dataset,746.5638,3.4621,7.34,8.0,20,41.377126373043495,99.22767087323942,71,59,59,100,12
videomae,ifgsm_target_diff_jpeg_adaptive,Kinetics400Dataset,829.4471,2.7109,3.73,8.0,20,42.28086215262736,98.74496046987952,83,83,83,100,12
videomaev2,ifgsm_target_diff_jpeg_adaptive,Kinetics400Dataset,835.3856,3.7324,5.53,8.0,20,40.70178828767757,98.19227401123592,89,89,89,100,12
r2plus1d,ifgsm_target_diff_jpeg_adaptive,Kinetics400Dataset,673.2974,3.4416,7.29,8.0,20,39.77903119974175,99.01306241176471,51,51,51,100,12
slowonly,ifgsm_target_diff_jpeg_adaptive,Kinetics400Dataset,1276.9033,11.5766,19.81,8.0,20,39.52442436338323,99.38744627906976,43,2,1,100,12
tadaformer,ifgsm_target_diff_jpeg_adaptive,Kinetics400Dataset,2895.5379,27.8014,20.0,8.0,20,35.93159693121361,91.5753016,85,84,84,100,12
tanet,ifgsm_target_diff_jpeg_adaptive,Kinetics400Dataset,830.2451,3.3353,5.97,8.0,20,40.61313750557326,98.95269171014488,69,67,67,100,12
uniformer,ifgsm_target_diff_jpeg_adaptive,Kinetics400Dataset,1082.1093,4.5656,6.16,8.0,20,42.26690374832829,98.88976621686746,83,83,83,100,12
videoswin,ifgsm_target_diff_jpeg_adaptive,Kinetics400Dataset,1252.9605,6.8018,4.92,8.0,20,41.53448725816966,98.40466638554219,83,81,81,100,12
x3d,ifgsm_target_diff_jpeg_adaptive,Kinetics400Dataset,1236.0031,3.9166,6.11,8.0,20,42.01221584690552,97.70686694594593,74,65,65,100,12
mvitv2,ifgsm_target_diff_jpeg_adaptive,Kinetics400Dataset,1204.5584,4.9639,4.73,8.0,20,43.45494090450232,98.72315207407405,81,81,81,100,12
csn,ifgsm_target_diff_jpeg_adaptive,Kinetics400Dataset,1537.4778,25.2742,20.0,8.0,20,0.0,99.922403,2,0,0,100,12
i3d,ifgsm_target_diff_jpeg_adaptive,Kinetics400Dataset,1947.8538,4.5678,5.93,8.0,20,40.768144229121425,97.62252326315789,57,55,55,100,12
internvideo,ifgsm_target_diff_jpeg_adaptive,Kinetics400Dataset,221.4874,0.4558,3.34,8.0,20,44.80190045345832,97.63063463157897,76,76,76,100,12
i3dnonlocal,ifgsm_target_diff_jpeg_adaptive,Kinetics400Dataset,1329.162,6.9023,7.94,8.0,20,39.068104114554174,96.99239747058826,17,17,17,63,12
umt,ifgsm_target_diff_jpeg_adaptive,Kinetics400Dataset,914.7133,0.0,0.0,8.0,20,0.0,0.0,0,0,0,84,12
internvideo2,ifgsm_target_diff_jpeg_adaptive,Kinetics400Dataset,1052.3484,12.8047,8.61,8.0,20,41.01970901463682,97.38041740845068,71,71,71,83,12
slowfast,ifgsm_target_diff_jpeg_adaptive,Kinetics400Dataset,1222.5813,7.0849,7.64,8.0,20,40.87472129663702,96.5364718,25,21,21,63,12
timesformer,ifgsm_target_flip_adaptive,Kinetics400Dataset,176.1225,0.6225,4.49,8.0,20,42.92354517357811,74.45872501786013,79,79,79,100,12
tsmnonlocal,ifgsm_target_flip_adaptive,Kinetics400Dataset,217.7801,1.469,5.91,8.0,20,42.47536466631288,74.6687474822067,65,59,59,100,12
ila,ifgsm_target_flip_adaptive,Kinetics400Dataset,282.8922,2.3991,8.47,8.0,20,41.29669512654125,99.15133360493829,81,81,81,100,12
tsm,ifgsm_target_flip_adaptive,Kinetics400Dataset,311.0265,2.6409,9.11,8.0,20,42.60424049282606,99.48984455384617,65,46,46,100,12
tsn,ifgsm_target_flip_adaptive,Kinetics400Dataset,259.7425,0.8542,9.26,8.0,20,44.43783090650162,99.4698946969697,66,55,55,100,12
uniformerv2,ifgsm_target_flip_adaptive,Kinetics400Dataset,310.07,1.5394,3.83,8.0,20,43.98319290783553,98.18700666292136,89,89,89,100,12
onepeace,ifgsm_target_flip_adaptive,Kinetics400Dataset,1270.68,12.4875,6.8,8.0,20,44.653699297913455,99.62391590540541,74,65,65,100,12
amd,ifgsm_target_flip_adaptive,Kinetics400Dataset,438.5333,1.9612,3.29,8.0,20,44.78605468754844,97.79475034177216,79,79,79,100,12
c2d,ifgsm_target_flip_adaptive,Kinetics400Dataset,625.9441,1.4161,4.41,8.0,20,43.11890846256473,99.38298164864864,74,74,74,100,12
videomaev2,ifgsm_target_flip_adaptive,Kinetics400Dataset,624.5221,2.7614,4.32,8.0,20,43.553777936618246,97.77652584615382,91,91,91,100,12
tpn,ifgsm_target_flip_adaptive,Kinetics400Dataset,625.8597,3.0396,7.67,8.0,20,43.48346084043727,99.47556628767123,73,56,56,100,12
videomae,ifgsm_target_flip_adaptive,Kinetics400Dataset,917.407,2.2078,3.05,8.0,20,44.95483427061204,94.96777561214691,84,84,84,100,12
slowonly,ifgsm_target_flip_adaptive,Kinetics400Dataset,1143.5098,10.1473,19.53,8.0,20,41.84783096308834,99.44172006976741,43,2,2,100,12
tadaformer,ifgsm_target_flip_adaptive,Kinetics400Dataset,2775.9647,26.6594,20.0,8.0,20,37.76495387314554,91.5770333908046,87,87,87,100,12
r2plus1d,ifgsm_target_flip_adaptive,Kinetics400Dataset,938.6505,3.0848,7.02,8.0,20,41.36494930012043,94.8549006965732,57,57,57,100,12
tanet,ifgsm_target_flip_adaptive,Kinetics400Dataset,626.736,2.7356,5.62,8.0,20,42.83547157578343,99.35972148484848,66,62,62,100,12
uniformer,ifgsm_target_flip_adaptive,Kinetics400Dataset,967.4597,3.7574,5.83,8.0,20,44.681505360593846,96.7591895308642,81,81,81,100,12
videoswin,ifgsm_target_flip_adaptive,Kinetics400Dataset,979.9449,5.775,4.46,8.0,20,44.203887950395035,99.00663098749997,80,77,77,100,12
mvitv2,ifgsm_target_flip_adaptive,Kinetics400Dataset,1200.6551,3.8813,4.22,8.0,20,45.892490591146206,98.88794603658543,82,82,82,100,12
actionclip,ifgsm_target_flip_adaptive,Kinetics400Dataset,320.8183,2.137,20.0,8.0,20,40.44643424634904,97.61307239705886,68,68,68,100,12
x3d,ifgsm_target_flip_adaptive,Kinetics400Dataset,1252.1764,3.0854,5.6,8.0,20,44.0019673825739,99.29686965753427,73,64,64,100,12
csn,ifgsm_target_flip_adaptive,Kinetics400Dataset,1448.4827,18.6836,20.0,8.0,20,0.0,99.145178,2,0,0,100,12
i3d,ifgsm_target_flip_adaptive,Kinetics400Dataset,2348.9792,2.7375,4.99,8.0,20,42.936184329018204,98.14338729166667,72,70,70,100,12
internvideo,ifgsm_target_flip_adaptive,Kinetics400Dataset,268.2926,0.6385,3.14,8.0,20,46.94967913310496,98.03769236842106,76,76,76,100,12
internvideo2,ifgsm_target_flip_adaptive,Kinetics400Dataset,1155.8525,10.7384,7.18,8.0,20,43.65427751745772,98.22322663636359,88,88,87,100,12
umt,ifgsm_target_flip_adaptive,Kinetics400Dataset,945.9284,0.0,0.0,8.0,20,0.0,0.0,0,0,0,100,12
i3dnonlocal,ifgsm_target_flip_adaptive,Kinetics400Dataset,2495.8631,3.8653,6.06,8.0,20,41.203610637354075,97.82238588235293,34,34,34,100,12
slowfast,ifgsm_target_flip_adaptive,Kinetics400Dataset,3005.6677,4.5513,6.95,8.0,20,42.51247684956302,96.34485555737706,61,53,53,100,12
timesformer,ifgsm_target_gaussian_blur_adaptive,Kinetics400Dataset,178.4126,0.9657,6.92,8.0,20,38.65980172067902,73.68947314881068,75,75,74,100,12
tsmnonlocal,ifgsm_target_gaussian_blur_adaptive,Kinetics400Dataset,248.2668,1.8516,8.2,8.0,20,38.42472194873854,97.30214611666669,60,55,52,100,12
ila,ifgsm_target_gaussian_blur_adaptive,Kinetics400Dataset,429.9436,3.8341,14.49,8.0,20,37.01212917819921,97.2989727733333,75,70,69,100,12
tsm,ifgsm_target_gaussian_blur_adaptive,Kinetics400Dataset,338.0741,2.9415,9.69,8.0,20,38.8678758735069,97.70650619999998,55,43,40,100,12
tsn,ifgsm_target_gaussian_blur_adaptive,Kinetics400Dataset,265.9037,1.2673,12.03,8.0,20,40.943170357434134,98.43778978688526,61,57,56,100,12
uniformerv2,ifgsm_target_gaussian_blur_adaptive,Kinetics400Dataset,362.7267,2.6996,6.95,8.0,20,39.350615029435566,94.0864939390244,82,80,77,100,12
amd,ifgsm_target_gaussian_blur_adaptive,Kinetics400Dataset,392.2252,3.0183,4.88,8.0,20,41.05783382401309,94.48643706756759,74,71,71,100,12
onepeace,ifgsm_target_gaussian_blur_adaptive,Kinetics400Dataset,2191.7227,20.5967,11.59,8.0,20,39.798423703674786,98.3880902575758,66,59,42,100,12
tadaformer,ifgsm_target_gaussian_blur_adaptive,Kinetics400Dataset,2969.4845,28.8015,20.0,8.0,20,35.64999743401549,87.88653797530866,81,68,63,100,12
videomae,ifgsm_target_gaussian_blur_adaptive,Kinetics400Dataset,640.0531,3.6982,4.86,8.0,20,40.92793410538899,97.42264980769232,78,70,70,100,12
tpn,ifgsm_target_gaussian_blur_adaptive,Kinetics400Dataset,645.6974,4.4057,7.84,8.0,20,39.903444095755276,97.65288962295082,61,54,51,100,12
c2d,ifgsm_target_gaussian_blur_adaptive,Kinetics400Dataset,626.2428,3.2132,7.31,8.0,20,39.431446770030966,98.11559344262294,61,57,52,100,12
videomaev2,ifgsm_target_gaussian_blur_adaptive,Kinetics400Dataset,169.9228,4.8358,6.5,8.0,20,39.90068760894485,96.59578116279071,86,81,79,100,12
r2plus1d,ifgsm_target_gaussian_blur_adaptive,Kinetics400Dataset,669.7656,5.249,9.69,8.0,20,38.67623621047914,96.6779289375,48,48,48,100,12
tanet,ifgsm_target_gaussian_blur_adaptive,Kinetics400Dataset,639.504,4.5524,7.33,8.0,20,39.43452704916283,97.55276745614036,57,54,51,100,12
videoswin,ifgsm_target_gaussian_blur_adaptive,Kinetics400Dataset,1148.6228,9.6512,6.19,8.0,20,40.0534511823348,95.60234950632913,79,76,73,100,12
mvitv2,ifgsm_target_gaussian_blur_adaptive,Kinetics400Dataset,1228.0341,7.8436,5.92,8.0,20,42.55170524704649,97.402749,80,73,73,100,12
slowonly,ifgsm_target_gaussian_blur_adaptive,Kinetics400Dataset,738.6665,13.5193,18.48,8.0,20,39.242192266285926,99.32943045,40,10,5,100,12
uniformer,ifgsm_target_gaussian_blur_adaptive,Kinetics400Dataset,973.0276,7.9884,8.48,8.0,20,40.985273700567056,97.8389208227848,79,76,74,100,12
actionclip,ifgsm_target_gaussian_blur_adaptive,Kinetics400Dataset,387.1483,3.0995,20.0,8.0,20,38.424670417656394,93.49616390909091,66,66,66,100,12
x3d,ifgsm_target_gaussian_blur_adaptive,Kinetics400Dataset,1256.497,6.1909,5.94,8.0,20,40.64289348404789,96.19905012857144,70,67,60,100,12
csn,ifgsm_target_gaussian_blur_adaptive,Kinetics400Dataset,2010.5007,37.006,20.0,8.0,20,0.0,99.922403,2,0,0,100,12
internvideo,ifgsm_target_gaussian_blur_adaptive,Kinetics400Dataset,206.8725,0.6487,4.39,8.0,20,43.609349664251845,96.45958408955225,67,65,64,100,12
i3d,ifgsm_target_gaussian_blur_adaptive,Kinetics400Dataset,1947.3658,15.108,7.05,8.0,20,39.612617698939275,94.18333623076921,39,38,34,82,12
i3dnonlocal,ifgsm_target_gaussian_blur_adaptive,Kinetics400Dataset,2126.6478,24.8169,10.24,8.0,20,37.885412649986435,90.275797,25,25,25,92,12
internvideo2,ifgsm_target_gaussian_blur_adaptive,Kinetics400Dataset,1615.869,15.5323,10.66,8.0,20,40.2536253289003,95.42441009411765,85,71,63,100,12
slowfast,ifgsm_target_gaussian_blur_adaptive,Kinetics400Dataset,1711.3596,18.3109,7.47,8.0,20,39.84581396315809,92.66455526315791,38,36,35,82,12
umt,ifgsm_target_gaussian_blur_adaptive,Kinetics400Dataset,1389.9379,0.0,0.0,8.0,20,0.0,0.0,0,0,0,100,12
timesformer,ifgsm_target_no_defence_non-adaptive,Kinetics400Dataset,147.9273,0.535,4.53,8.0,20,42.882424957214425,98.70992943037974,79,79,79,100,12
tsmnonlocal,ifgsm_target_no_defence_non-adaptive,Kinetics400Dataset,221.4127,1.5007,6.21,8.0,20,42.36904559667151,74.68396679627502,68,61,61,100,12
ila,ifgsm_target_no_defence_non-adaptive,Kinetics400Dataset,284.6938,2.4803,8.67,8.0,20,41.1243877658198,99.10197578048779,82,82,82,100,12
tsm,ifgsm_target_no_defence_non-adaptive,Kinetics400Dataset,301.7869,2.4047,8.18,8.0,20,42.62903365449109,97.95434653731341,67,51,51,100,12
tsn,ifgsm_target_no_defence_non-adaptive,Kinetics400Dataset,345.2523,1.2213,9.15,8.0,20,44.62557645107235,87.61418471107044,72,60,60,100,12
uniformerv2,ifgsm_target_no_defence_non-adaptive,Kinetics400Dataset,316.5538,1.5387,3.88,8.0,20,43.89431684870051,98.17092426136365,88,88,88,100,12
amd,ifgsm_target_no_defence_non-adaptive,Kinetics400Dataset,435.5725,1.9977,3.23,8.0,20,44.83108128297178,97.829708275,80,80,80,100,12
onepeace,ifgsm_target_no_defence_non-adaptive,Kinetics400Dataset,1259.0949,12.3228,6.71,8.0,20,44.51211990013791,99.42959879452057,73,65,65,100,12
videomae,ifgsm_target_no_defence_non-adaptive,Kinetics400Dataset,618.6181,2.0934,3.05,8.0,20,44.97068739907483,99.09449260714284,84,84,84,100,12
slowonly,ifgsm_target_no_defence_non-adaptive,Kinetics400Dataset,1140.1787,10.135,19.7,8.0,20,41.555851572715014,99.43512193023253,43,1,1,100,12
tpn,ifgsm_target_no_defence_non-adaptive,Kinetics400Dataset,630.3565,2.8814,7.25,8.0,20,43.37440637448746,99.33516459154927,71,57,57,100,12
tadaformer,ifgsm_target_no_defence_non-adaptive,Kinetics400Dataset,2791.3225,26.8093,20.0,8.0,20,37.80751687695306,93.92800065882356,85,84,84,100,12
videomaev2,ifgsm_target_no_defence_non-adaptive,Kinetics400Dataset,623.8505,2.8296,4.47,8.0,20,43.412641708080955,96.62822641111113,90,90,90,100,12
c2d,ifgsm_target_no_defence_non-adaptive,Kinetics400Dataset,617.7263,1.4122,4.36,8.0,20,43.18098459379334,99.47060424675324,77,77,77,100,12
r2plus1d,ifgsm_target_no_defence_non-adaptive,Kinetics400Dataset,634.544,2.7457,6.9,8.0,20,41.462557457773684,99.29271692307692,52,52,52,100,12
tanet,ifgsm_target_no_defence_non-adaptive,Kinetics400Dataset,924.8409,2.9284,5.15,8.0,20,42.78326966770473,95.04355495062725,68,66,66,100,12
uniformer,ifgsm_target_no_defence_non-adaptive,Kinetics400Dataset,963.3868,3.7029,5.75,8.0,20,44.712646540589866,99.24815595061727,81,81,81,100,12
videoswin,ifgsm_target_no_defence_non-adaptive,Kinetics400Dataset,1444.1235,5.895,4.41,8.0,20,44.26139037274405,96.57615122229599,81,78,78,100,12
mvitv2,ifgsm_target_no_defence_non-adaptive,Kinetics400Dataset,1190.1614,3.8712,4.21,8.0,20,45.92631005242637,98.97009628395061,81,81,81,100,12
actionclip,ifgsm_target_no_defence_non-adaptive,Kinetics400Dataset,326.7127,2.1095,20.0,8.0,20,40.39070344708714,97.52551662686568,67,67,67,100,12
umt,ifgsm_target_no_defence_non-adaptive,Kinetics400Dataset,967.6363,0.0,0.0,8.0,20,0.0,0.0,0,0,0,100,12
x3d,ifgsm_target_no_defence_non-adaptive,Kinetics400Dataset,1278.2814,3.7482,5.61,8.0,20,43.931521866942326,99.314473472973,74,65,65,100,12
internvideo2,ifgsm_target_no_defence_non-adaptive,Kinetics400Dataset,1197.0256,11.0845,6.99,8.0,20,43.69284260952306,98.19590380459769,87,87,87,100,12
csn,ifgsm_target_no_defence_non-adaptive,Kinetics400Dataset,1489.4262,22.5846,20.0,8.0,20,0.0,99.922403,2,0,0,100,12
i3d,ifgsm_target_no_defence_non-adaptive,Kinetics400Dataset,2579.4213,2.6279,4.92,8.0,20,42.98606692418758,96.92137177333333,75,73,73,100,12
internvideo,ifgsm_target_no_defence_non-adaptive,Kinetics400Dataset,240.7182,0.3624,3.05,8.0,20,47.21573086251825,98.06075562666666,75,75,75,100,12
i3dnonlocal,ifgsm_target_no_defence_non-adaptive,Kinetics400Dataset,2675.7273,3.8394,6.36,8.0,20,41.02795848216951,97.63437866666669,33,33,33,100,12
slowfast,ifgsm_target_no_defence_non-adaptive,Kinetics400Dataset,2663.4214,4.4348,6.5,8.0,20,42.682300372614,96.4028523833333,60,53,53,100,12
timesformer,ifgsm_target_rotate_adaptive,Kinetics400Dataset,184.3102,1.1198,13.82,8.0,20,37.25859222218566,96.73062394444442,72,64,47,100,12
tsmnonlocal,ifgsm_target_rotate_adaptive,Kinetics400Dataset,326.5473,2.801,13.53,8.0,20,37.41225256372205,98.02027245454542,55,49,38,100,12
ila,ifgsm_target_rotate_adaptive,Kinetics400Dataset,511.9292,4.5375,17.91,8.0,20,36.816334793605414,98.3256477101449,69,48,45,100,12
tsm,ifgsm_target_rotate_adaptive,Kinetics400Dataset,453.7652,4.0471,14.29,8.0,20,37.37870738447083,97.94397342307697,52,44,40,100,12
tsn,ifgsm_target_rotate_adaptive,Kinetics400Dataset,268.4356,1.654,19.52,8.0,20,39.0488810973831,98.79486641379307,58,51,31,100,12
uniformerv2,ifgsm_target_rotate_adaptive,Kinetics400Dataset,533.0722,4.5959,13.4,8.0,20,37.71993730806283,93.22791841666667,84,74,59,100,12
videomaev2,ifgsm_target_rotate_adaptive,Kinetics400Dataset,846.3661,7.303,12.14,8.0,20,38.27406046507106,96.21871943333333,90,75,72,100,12
slowonly,ifgsm_target_rotate_adaptive,Kinetics400Dataset,1199.0343,10.9109,19.53,8.0,20,38.01901245996894,99.19506213333332,30,7,3,100,12
tpn,ifgsm_target_rotate_adaptive,Kinetics400Dataset,973.4735,5.8996,12.73,8.0,20,37.95987947201593,93.16008063810845,60,55,43,100,12
c2d,ifgsm_target_rotate_adaptive,Kinetics400Dataset,983.853,4.8435,13.95,8.0,20,37.591264893205086,93.94641523607233,65,61,46,100,12
tanet,ifgsm_target_rotate_adaptive,Kinetics400Dataset,810.7692,7.0086,14.98,8.0,20,37.20192827993448,97.18992053703705,54,47,37,100,12
tadaformer,ifgsm_target_rotate_adaptive,Kinetics400Dataset,2847.8495,27.4426,20.0,8.0,20,36.34785105590561,91.13368208235293,85,45,30,100,12
onepeace,ifgsm_target_rotate_adaptive,Kinetics400Dataset,3416.3211,33.2708,20.0,8.0,20,37.93737832535637,89.11299872023386,69,30,1,100,12
uniformer,ifgsm_target_rotate_adaptive,Kinetics400Dataset,1125.0576,9.7428,15.22,8.0,20,39.281131402021245,96.78919222784813,79,62,53,100,12
videoswin,ifgsm_target_rotate_adaptive,Kinetics400Dataset,1823.4168,16.8349,14.66,8.0,20,37.56866741694821,94.12788579220779,77,66,54,100,12
mvitv2,ifgsm_target_rotate_adaptive,Kinetics400Dataset,1360.1563,11.6195,13.2,8.0,20,39.765001214846166,95.53564843902441,82,60,58,100,12
r2plus1d,ifgsm_target_rotate_adaptive,Kinetics400Dataset,693.5524,6.3621,15.5,8.0,20,37.07229016905512,97.63799554000006,50,47,32,100,12
amd,ifgsm_target_rotate_adaptive,Kinetics400Dataset,461.833,4.8534,10.43,8.0,20,38.78452082321517,93.54107287999999,75,65,63,100,12
videomae,ifgsm_target_rotate_adaptive,Kinetics400Dataset,851.0249,8.0013,13.34,8.0,20,37.680103706961255,94.23714323529411,85,71,67,100,12
actionclip,ifgsm_target_rotate_adaptive,Kinetics400Dataset,337.7956,2.3889,20.0,8.0,20,38.663519145065614,95.69739440000001,70,60,51,100,12
internvideo,ifgsm_target_rotate_adaptive,Kinetics400Dataset,205.6595,1.0443,13.97,8.0,20,39.37804861885771,94.10702809999997,70,52,34,100,12
umt,ifgsm_target_rotate_adaptive,Kinetics400Dataset,1866.2495,0.0,0.0,8.0,20,0.0,0.0,0,0,0,100,12
internvideo2,ifgsm_target_rotate_adaptive,Kinetics400Dataset,2573.6203,25.2545,17.97,8.0,20,38.51678677852748,95.91993102325587,86,52,37,100,12
slowfast,ifgsm_target_rotate_adaptive,Kinetics400Dataset,2421.3054,8.8497,12.18,8.0,20,38.08404364411547,88.90240064285716,56,50,45,100,12
i3dnonlocal,ifgsm_target_rotate_adaptive,Kinetics400Dataset,2746.6494,11.6603,16.78,8.0,20,36.677487229124615,91.84595395652174,23,22,17,100,12
x3d,ifgsm_target_rotate_adaptive,Kinetics400Dataset,877.3857,7.2042,13.34,8.0,20,37.862032491286655,97.43950773170732,41,33,21,82,12
csn,ifgsm_target_rotate_adaptive,Kinetics400Dataset,695.9252,27.1816,20.0,8.0,20,0.0,99.858368,1,0,0,54,12
timesformer,ifgsm_target_shuffle_adaptive,Kinetics400Dataset,147.6694,0.5807,5.29,8.0,20,43.82503000005338,99.07316930666666,75,74,73,100,12
tsmnonlocal,ifgsm_target_shuffle_adaptive,Kinetics400Dataset,219.5525,1.6357,7.14,8.0,20,41.992156523416234,91.24759276190474,63,54,54,100,12
ila,ifgsm_target_shuffle_adaptive,Kinetics400Dataset,287.9474,2.5202,8.78,8.0,20,41.092845375129066,96.67780391463413,82,82,82,100,12
tsm,ifgsm_target_shuffle_adaptive,Kinetics400Dataset,326.8746,2.5317,8.16,8.0,20,42.64542642295069,82.99809491394697,67,51,51,100,12
tsn,ifgsm_target_shuffle_adaptive,Kinetics400Dataset,346.8127,1.3936,9.17,8.0,20,44.6178338189345,87.61284251411219,72,60,60,100,12
uniformerv2,ifgsm_target_shuffle_adaptive,Kinetics400Dataset,320.3618,1.7686,4.55,8.0,20,44.66233771024778,98.30191989772726,88,88,88,100,12
amd,ifgsm_target_shuffle_adaptive,Kinetics400Dataset,454.2017,2.702,4.89,8.0,20,44.25036235952831,97.81210760526315,76,76,76,100,12
onepeace,ifgsm_target_shuffle_adaptive,Kinetics400Dataset,1338.5624,12.9353,7.08,8.0,20,44.998719971269146,99.45942043243242,74,70,70,100,12
tadaformer,ifgsm_target_shuffle_adaptive,Kinetics400Dataset,2818.5305,27.1566,20.0,8.0,20,39.05279346529182,95.37309465517238,87,70,66,100,12
videomae,ifgsm_target_shuffle_adaptive,Kinetics400Dataset,633.6211,3.1988,5.04,8.0,20,43.961750848101076,99.02323013253009,83,83,83,100,12
slowonly,ifgsm_target_shuffle_adaptive,Kinetics400Dataset,1165.9632,10.584,19.38,8.0,20,42.477230862383315,97.0435335,42,4,3,100,12
tpn,ifgsm_target_shuffle_adaptive,Kinetics400Dataset,194.1753,2.8888,6.64,8.0,20,43.34733268924166,97.90918534782608,69,65,65,100,12
videomaev2,ifgsm_target_shuffle_adaptive,Kinetics400Dataset,648.5378,4.4144,7.29,8.0,20,42.555846628935825,97.60327743820227,89,88,88,100,12
c2d,ifgsm_target_shuffle_adaptive,Kinetics400Dataset,584.4649,2.3434,6.4,8.0,20,42.97584001478472,96.65159139596999,77,77,77,100,12
r2plus1d,ifgsm_target_shuffle_adaptive,Kinetics400Dataset,420.2003,4.5418,11.17,8.0,20,40.80161861792489,99.32569132692308,52,52,51,100,12
tanet,ifgsm_target_shuffle_adaptive,Kinetics400Dataset,627.2514,3.3187,5.15,8.0,20,42.78343222986767,99.24731519117648,68,66,66,100,12
uniformer,ifgsm_target_shuffle_adaptive,Kinetics400Dataset,989.7646,5.6827,8.85,8.0,20,43.97052272304008,99.25706274074071,81,80,80,100,12
mvitv2,ifgsm_target_shuffle_adaptive,Kinetics400Dataset,1206.6039,7.377,8.32,8.0,20,44.21936453035593,97.55869675308641,81,81,81,100,12
videoswin,ifgsm_target_shuffle_adaptive,Kinetics400Dataset,1457.7005,7.5196,5.75,8.0,20,43.85791425785065,96.70481859712878,81,80,80,100,12
actionclip,ifgsm_target_shuffle_adaptive,Kinetics400Dataset,329.4589,2.242,20.0,8.0,20,41.2307316468424,97.80863663235294,68,68,68,100,12
x3d,ifgsm_target_shuffle_adaptive,Kinetics400Dataset,1612.8957,3.5639,5.91,8.0,20,43.69148714675971,99.27348575675676,74,70,70,100,12
csn,ifgsm_target_shuffle_adaptive,Kinetics400Dataset,1496.4136,19.0193,20.0,8.0,20,0.0,98.303918,1,0,0,100,12
i3d,ifgsm_target_shuffle_adaptive,Kinetics400Dataset,2783.4183,7.1264,12.11,8.0,20,40.01036712336605,97.2791388450704,71,69,69,100,12
i3dnonlocal,ifgsm_target_shuffle_adaptive,Kinetics400Dataset,3034.2828,9.4353,15.24,8.0,20,38.386043454918415,95.78417970588235,34,34,34,100,12
internvideo,ifgsm_target_shuffle_adaptive,Kinetics400Dataset,252.0432,0.463,4.56,8.0,20,46.55987009370826,98.14008210958899,73,71,66,100,12
internvideo2,ifgsm_target_shuffle_adaptive,Kinetics400Dataset,1288.6266,12.2245,8.23,8.0,20,44.25020059519359,98.37471172413788,87,87,87,100,12
umt,ifgsm_target_shuffle_adaptive,Kinetics400Dataset,1087.1786,0.0,0.0,8.0,20,0.0,0.0,0,0,0,100,12
slowfast,ifgsm_target_shuffle_adaptive,Kinetics400Dataset,2216.2862,11.619,16.27,8.0,20,38.91729386667094,93.8631912653061,49,43,42,100,12
timesformer,ifgsm_target_temporal_median_adaptive,Kinetics400Dataset,174.317,0.9362,4.15,8.0,20,45.13062758054233,74.56401758160351,71,71,71,100,12
tsmnonlocal,ifgsm_target_temporal_median_adaptive,Kinetics400Dataset,218.5087,1.6242,6.3,8.0,20,42.3633288756818,99.1635619552239,67,60,60,100,12
ila,ifgsm_target_temporal_median_adaptive,Kinetics400Dataset,300.3909,2.669,8.72,8.0,20,41.13073614764682,99.10467836585362,82,82,82,100,12
tsm,ifgsm_target_temporal_median_adaptive,Kinetics400Dataset,334.416,2.8053,8.18,8.0,20,42.62903351388708,99.44441137313434,67,51,51,100,12
tsn,ifgsm_target_temporal_median_adaptive,Kinetics400Dataset,267.2508,1.3538,9.17,8.0,20,44.61784059937464,99.42553095833335,72,60,60,100,12
uniformerv2,ifgsm_target_temporal_median_adaptive,Kinetics400Dataset,394.3842,3.1263,4.14,8.0,20,45.10502660943298,98.35116450574712,87,87,87,100,12
onepeace,ifgsm_target_temporal_median_adaptive,Kinetics400Dataset,1256.0826,11.8486,5.38,8.0,20,46.26135075867382,99.4264857230769,65,64,64,100,12
amd,ifgsm_target_temporal_median_adaptive,Kinetics400Dataset,127.2606,4.5334,3.42,8.0,20,46.083149085569964,93.2151170969206,78,78,78,100,12
tpn,ifgsm_target_temporal_median_adaptive,Kinetics400Dataset,715.7441,6.7911,5.3,8.0,20,45.33847239596363,99.49313649999999,60,55,55,100,12
videomae,ifgsm_target_temporal_median_adaptive,Kinetics400Dataset,949.3942,5.2068,3.03,8.0,20,46.85320407185848,95.1281154174609,73,73,73,100,12
videomaev2,ifgsm_target_temporal_median_adaptive,Kinetics400Dataset,774.2575,6.6323,4.52,8.0,20,45.07248905458044,99.12837723595503,89,89,89,100,12
slowonly,ifgsm_target_temporal_median_adaptive,Kinetics400Dataset,2335.5601,25.2002,19.52,8.0,20,42.69572078984698,99.4401932580645,31,1,1,100,12
c2d,ifgsm_target_temporal_median_adaptive,Kinetics400Dataset,642.5654,4.9431,4.33,8.0,20,44.85332825923369,98.01113126086956,69,69,69,100,12
tadaformer,ifgsm_target_temporal_median_adaptive,Kinetics400Dataset,3846.4698,38.2467,20.0,8.0,20,39.103470523868246,95.90382625000002,84,83,83,100,12
r2plus1d,ifgsm_target_temporal_median_adaptive,Kinetics400Dataset,868.6009,8.1634,7.15,8.0,20,42.97426940641728,99.23961085106383,47,47,47,100,12
tanet,ifgsm_target_temporal_median_adaptive,Kinetics400Dataset,939.2954,4.4257,5.15,8.0,20,42.7830110506921,95.04607095836633,68,66,66,100,12
uniformer,ifgsm_target_temporal_median_adaptive,Kinetics400Dataset,1248.3624,10.9506,5.32,8.0,20,46.68328780538092,99.36624888888889,81,81,81,100,12
mvitv2,ifgsm_target_temporal_median_adaptive,Kinetics400Dataset,1443.8411,13.2867,4.69,8.0,20,47.38281269268521,97.88783309090911,77,77,77,100,12
videoswin,ifgsm_target_temporal_median_adaptive,Kinetics400Dataset,1486.1864,12.3574,4.28,8.0,20,45.67608360765641,96.63935897200918,80,78,78,100,12
actionclip,ifgsm_target_temporal_median_adaptive,Kinetics400Dataset,878.5049,8.794,20.0,8.0,20,41.80425747096507,98.01883360317456,63,63,63,100,12
x3d,ifgsm_target_temporal_median_adaptive,Kinetics400Dataset,1441.2459,11.1591,4.75,8.0,20,45.72134764276184,99.40052396875,64,60,60,100,12
internvideo,ifgsm_target_temporal_median_adaptive,Kinetics400Dataset,217.9567,1.0601,3.3,8.0,20,48.39338351117039,98.54988483561642,73,73,73,100,12
internvideo2,ifgsm_target_temporal_median_adaptive,Kinetics400Dataset,603.1385,12.4356,7.35,8.0,20,45.42578364943305,98.31531156756758,37,37,37,47,12
i3d,ifgsm_target_temporal_median_adaptive,Kinetics400Dataset,985.9765,25.6877,6.0,8.0,20,44.522696077289446,98.03050476923076,13,12,12,39,12
i3dnonlocal,ifgsm_target_temporal_median_adaptive,Kinetics400Dataset,981.1508,35.0664,7.12,8.0,20,42.406198811960785,98.74766199999999,8,8,8,29,12
csn,ifgsm_target_temporal_median_adaptive,Kinetics400Dataset,1203.6958,53.092,20.0,8.0,20,0.0,99.858368,1,0,0,48,12
umt,ifgsm_target_temporal_median_adaptive,Kinetics400Dataset,289.1678,0.0,0.0,8.0,20,0.0,0.0,0,0,0,22,12
timesformer,korhonen_et_al_target_crop_resize_adaptive,Kinetics400Dataset,343.1262,2.929,20.0,8.0,20,51.07358913242168,99.20899029487181,78,11,0,100,12
tsmnonlocal,korhonen_et_al_target_crop_resize_adaptive,Kinetics400Dataset,821.1507,7.6949,20.0,8.0,20,51.52419084243275,99.34688777777777,63,17,3,100,12
ila,korhonen_et_al_target_crop_resize_adaptive,Kinetics400Dataset,821.3136,7.7751,20.0,8.0,20,54.1558858362438,98.2500461807229,83,14,6,100,12
tsn,korhonen_et_al_target_crop_resize_adaptive,Kinetics400Dataset,493.6625,4.3558,20.0,8.0,20,57.19815803235861,95.08661840909093,66,19,5,100,12
tsm,korhonen_et_al_target_crop_resize_adaptive,Kinetics400Dataset,1091.4202,10.3364,19.94,8.0,20,51.4168573618208,99.5273278115942,69,20,4,100,12
uniformerv2,korhonen_et_al_target_crop_resize_adaptive,Kinetics400Dataset,96.7437,8.6888,20.0,8.0,20,52.473886806976864,98.67477620454547,88,16,7,100,12
amd,korhonen_et_al_target_crop_resize_adaptive,Kinetics400Dataset,1181.3446,11.0887,19.94,8.0,20,53.25100588853438,98.60340935000002,80,29,21,100,12
slowonly,korhonen_et_al_target_crop_resize_adaptive,Kinetics400Dataset,2716.864,26.2886,20.0,8.0,20,57.28551674391966,99.54604619047619,42,2,0,100,12
tpn,korhonen_et_al_target_crop_resize_adaptive,Kinetics400Dataset,1855.251,17.6214,19.9,8.0,20,52.855915468332746,99.66014827777776,72,25,13,100,12
tadaformer,korhonen_et_al_target_crop_resize_adaptive,Kinetics400Dataset,3169.451,30.8671,20.0,8.0,20,54.96033467720139,97.81377189411766,85,5,0,100,12
videomae,korhonen_et_al_target_crop_resize_adaptive,Kinetics400Dataset,2113.9646,20.1416,20.0,8.0,20,52.58916891956687,99.37635511904762,84,19,6,100,12
videomaev2,korhonen_et_al_target_crop_resize_adaptive,Kinetics400Dataset,2108.8641,20.0997,20.0,8.0,20,54.4202855199808,99.37221423913044,92,13,5,100,12
c2d,korhonen_et_al_target_crop_resize_adaptive,Kinetics400Dataset,1451.8567,13.5293,19.93,8.0,20,53.45286098283008,99.65465830666666,75,23,11,100,12
onepeace,korhonen_et_al_target_crop_resize_adaptive,Kinetics400Dataset,5664.5574,56.0541,20.0,8.0,20,57.429924575601305,98.26783769736845,76,9,0,100,12
r2plus1d,korhonen_et_al_target_crop_resize_adaptive,Kinetics400Dataset,1314.067,15.223,19.88,8.0,20,54.79942354693218,99.75747723076923,52,32,13,100,12
uniformer,korhonen_et_al_target_crop_resize_adaptive,Kinetics400Dataset,1996.9766,18.7028,19.93,8.0,20,56.94006604501915,99.55579648148151,81,23,11,100,12
mvitv2,korhonen_et_al_target_crop_resize_adaptive,Kinetics400Dataset,2437.951,22.9199,19.8,8.0,20,56.91076311264456,97.03857329268291,82,29,11,100,12
videoswin,korhonen_et_al_target_crop_resize_adaptive,Kinetics400Dataset,4761.4518,46.324,19.99,8.0,20,54.25591465606959,99.2053047037037,81,13,4,100,12
tanet,korhonen_et_al_target_crop_resize_adaptive,Kinetics400Dataset,1945.4549,20.9859,19.97,8.0,20,53.53208853931663,99.56478305970147,67,29,4,100,12
actionclip,korhonen_et_al_target_crop_resize_adaptive,Kinetics400Dataset,520.6411,4.58,20.0,8.0,20,55.089155853105986,98.8853412463768,69,16,3,100,12
timesformer,korhonen_et_al_target_flip_adaptive,Kinetics400Dataset,333.7278,2.8889,19.22,8.0,20,49.29017126985583,97.91172329113924,79,49,47,100,12
tsmnonlocal,korhonen_et_al_target_flip_adaptive,Kinetics400Dataset,763.5809,7.1168,19.18,8.0,20,49.75906830332216,74.7834245097922,65,47,46,100,12
ila,korhonen_et_al_target_flip_adaptive,Kinetics400Dataset,749.1253,7.0885,17.72,8.0,20,54.957763706024764,99.46574139506173,81,72,72,100,12
tsm,korhonen_et_al_target_flip_adaptive,Kinetics400Dataset,1005.2235,9.6481,18.69,8.0,20,50.221465609114524,99.6715479076923,65,40,40,100,12
tsn,korhonen_et_al_target_flip_adaptive,Kinetics400Dataset,412.6257,3.573,16.29,8.0,20,57.57154455859546,99.5754438484849,66,55,54,100,12
uniformerv2,korhonen_et_al_target_flip_adaptive,Kinetics400Dataset,719.7215,6.5137,13.66,8.0,20,53.15092158044191,89.51673475759465,89,89,89,100,12
amd,korhonen_et_al_target_flip_adaptive,Kinetics400Dataset,844.6868,7.6664,9.97,8.0,20,56.57627248877177,92.32666855081175,79,79,79,100,12
onepeace,korhonen_et_al_target_flip_adaptive,Kinetics400Dataset,4868.0895,48.5798,17.31,8.0,20,56.56453265880722,99.75111543243244,74,57,46,100,12
videomae,korhonen_et_al_target_flip_adaptive,Kinetics400Dataset,1308.3114,12.0116,11.0,8.0,20,54.744798746599024,98.24601611904765,84,84,84,100,12
tadaformer,korhonen_et_al_target_flip_adaptive,Kinetics400Dataset,3148.7578,30.82,19.85,8.0,20,54.83768417668779,93.96179537576477,87,50,49,100,12
slowonly,korhonen_et_al_target_flip_adaptive,Kinetics400Dataset,2705.6616,26.1403,20.0,8.0,20,56.702762941061835,97.13857611627904,43,1,1,100,12
tpn,korhonen_et_al_target_flip_adaptive,Kinetics400Dataset,1476.6918,14.2151,15.62,8.0,20,53.62430050892551,99.68470617808222,73,56,56,100,12
videomaev2,korhonen_et_al_target_flip_adaptive,Kinetics400Dataset,1643.2995,15.6336,15.05,8.0,20,55.2895110121345,99.39730749450547,91,91,91,100,12
c2d,korhonen_et_al_target_flip_adaptive,Kinetics400Dataset,1105.4875,10.1917,14.2,8.0,20,54.55794073487482,99.60238879729727,74,74,74,100,12
r2plus1d,korhonen_et_al_target_flip_adaptive,Kinetics400Dataset,1323.3902,12.5628,14.89,8.0,20,57.62554728964077,95.30078565852453,57,56,56,100,12
tanet,korhonen_et_al_target_flip_adaptive,Kinetics400Dataset,1884.9122,18.3377,17.2,8.0,20,54.72158438080251,99.62107633333333,66,58,55,100,12
uniformer,korhonen_et_al_target_flip_adaptive,Kinetics400Dataset,976.4406,14.5894,12.53,8.0,20,59.12308522695188,98.69053298893674,81,81,81,100,12
mvitv2,korhonen_et_al_target_flip_adaptive,Kinetics400Dataset,2029.1986,18.7512,9.88,8.0,20,60.25547170013446,97.4149105837646,82,82,82,100,12
videoswin,korhonen_et_al_target_flip_adaptive,Kinetics400Dataset,3300.0471,31.9996,13.04,8.0,20,55.11401587456236,99.30380733749999,80,77,77,100,12
actionclip,korhonen_et_al_target_flip_adaptive,Kinetics400Dataset,508.0347,4.4135,20.0,8.0,20,53.16966795347064,98.91665591176472,68,67,67,100,12
timesformer,korhonen_et_al_target_gaussian_blur_adaptive,Kinetics400Dataset,417.8531,3.7027,20.0,8.0,20,47.703923290568625,99.11288363888887,72,18,1,100,12
tsmnonlocal,korhonen_et_al_target_gaussian_blur_adaptive,Kinetics400Dataset,852.5855,7.9872,19.98,8.0,20,48.54848032755285,99.33177426984126,63,17,2,100,12
ila,korhonen_et_al_target_gaussian_blur_adaptive,Kinetics400Dataset,864.7325,8.2237,19.99,8.0,20,51.56960190772891,74.76332345502243,76,32,23,100,12
tsm,korhonen_et_al_target_gaussian_blur_adaptive,Kinetics400Dataset,1148.0733,10.8927,20.0,8.0,20,48.98131471335662,83.0428065715288,57,16,5,100,12
tsn,korhonen_et_al_target_gaussian_blur_adaptive,Kinetics400Dataset,741.189,6.9462,19.92,8.0,20,54.402126498865414,99.56186677966102,59,35,17,100,12
uniformerv2,korhonen_et_al_target_gaussian_blur_adaptive,Kinetics400Dataset,1234.8886,11.7623,19.8,8.0,20,49.10800247153923,98.3511743058824,85,39,35,100,12
amd,korhonen_et_al_target_gaussian_blur_adaptive,Kinetics400Dataset,1587.1022,15.0682,17.5,8.0,20,51.478139323727696,98.37347943243243,74,73,67,100,12
onepeace,korhonen_et_al_target_gaussian_blur_adaptive,Kinetics400Dataset,5758.7559,57.2159,19.95,8.0,20,53.5774660592131,99.74852486363638,66,25,3,100,12
tadaformer,korhonen_et_al_target_gaussian_blur_adaptive,Kinetics400Dataset,3665.7719,35.8626,20.0,8.0,20,52.56487597767318,98.70752661176472,85,9,6,100,12
slowonly,korhonen_et_al_target_gaussian_blur_adaptive,Kinetics400Dataset,3425.9962,34.1951,20.0,8.0,20,53.39488713251771,95.3443286590715,42,8,0,100,12
videomae,korhonen_et_al_target_gaussian_blur_adaptive,Kinetics400Dataset,2653.394,25.6049,18.84,8.0,20,49.72231477458678,99.4765330789474,76,59,57,100,12
tpn,korhonen_et_al_target_gaussian_blur_adaptive,Kinetics400Dataset,2652.2893,25.88,19.75,8.0,20,50.53942053384483,95.20515119806838,63,25,16,100,12
c2d,korhonen_et_al_target_gaussian_blur_adaptive,Kinetics400Dataset,2099.2974,20.4946,19.83,8.0,20,51.049352744340496,99.74714461666665,60,25,14,100,12
videomaev2,korhonen_et_al_target_gaussian_blur_adaptive,Kinetics400Dataset,2710.8598,26.2428,19.47,8.0,20,52.034171322704,99.27312210588232,85,42,39,100,12
r2plus1d,korhonen_et_al_target_gaussian_blur_adaptive,Kinetics400Dataset,2246.9233,22.0706,19.09,8.0,20,54.08917782318588,97.50588609302326,43,36,23,100,12
tanet,korhonen_et_al_target_gaussian_blur_adaptive,Kinetics400Dataset,2886.4262,28.2919,19.89,8.0,20,51.41624826432767,97.99037529824561,57,25,3,100,12
uniformer,korhonen_et_al_target_gaussian_blur_adaptive,Kinetics400Dataset,3423.065,33.3444,18.8,8.0,20,54.70504378097312,97.12858274074073,81,51,41,100,12
videoswin,korhonen_et_al_target_gaussian_blur_adaptive,Kinetics400Dataset,6010.0017,60.0813,19.73,8.0,20,50.11141962463055,99.22566189610392,77,29,19,100,12
mvitv2,korhonen_et_al_target_gaussian_blur_adaptive,Kinetics400Dataset,3995.3759,39.1224,16.14,8.0,20,55.81441510909434,99.44747051948058,77,65,62,100,12
actionclip,korhonen_et_al_target_gaussian_blur_adaptive,Kinetics400Dataset,832.9676,7.8352,20.0,8.0,20,51.38511404643575,98.61074562121212,66,41,11,100,12
timesformer,korhonen_et_al_target_no_defence_non-adaptive,Kinetics400Dataset,339.5903,2.9193,19.29,8.0,20,49.214415340486205,74.6608179758745,79,52,48,100,12
tsmnonlocal,korhonen_et_al_target_no_defence_non-adaptive,Kinetics400Dataset,781.5491,7.2458,18.93,8.0,20,49.81282392311165,99.43597894915256,59,42,41,100,12
ila,korhonen_et_al_target_no_defence_non-adaptive,Kinetics400Dataset,763.3981,7.2394,18.04,8.0,20,54.64386193945059,99.46520596341463,82,74,74,100,12
tsm,korhonen_et_al_target_no_defence_non-adaptive,Kinetics400Dataset,990.1541,9.403,18.39,8.0,20,50.282959007476784,99.66112174626866,67,47,44,100,12
tsn,korhonen_et_al_target_no_defence_non-adaptive,Kinetics400Dataset,432.622,3.7979,16.47,8.0,20,57.530081792724644,98.19677408333337,72,60,60,100,12
uniformerv2,korhonen_et_al_target_no_defence_non-adaptive,Kinetics400Dataset,710.5049,6.413,13.57,8.0,20,53.166557478292596,89.50230233841155,88,86,86,100,12
amd,korhonen_et_al_target_no_defence_non-adaptive,Kinetics400Dataset,838.2676,7.6184,9.97,8.0,20,56.52119485675631,92.32724160053799,80,80,80,100,12
videomae,korhonen_et_al_target_no_defence_non-adaptive,Kinetics400Dataset,1298.8772,11.8437,11.02,8.0,20,54.716093250213646,99.45099600000003,84,84,84,100,12
slowonly,korhonen_et_al_target_no_defence_non-adaptive,Kinetics400Dataset,2664.7474,25.6343,20.0,8.0,20,57.265904983981024,99.46211793023252,43,0,0,100,12
c2d,korhonen_et_al_target_no_defence_non-adaptive,Kinetics400Dataset,698.9693,10.0393,14.06,8.0,20,54.615849447319846,97.08249246753245,77,77,77,100,12
tpn,korhonen_et_al_target_no_defence_non-adaptive,Kinetics400Dataset,1530.3757,14.5702,15.65,8.0,20,53.57278634795627,95.32767301919513,71,56,56,100,12
videomaev2,korhonen_et_al_target_no_defence_non-adaptive,Kinetics400Dataset,1642.5975,15.6144,15.27,8.0,20,55.20877651475342,99.45185553333334,90,89,89,100,12
r2plus1d,korhonen_et_al_target_no_defence_non-adaptive,Kinetics400Dataset,1285.7145,12.0659,14.31,8.0,20,57.691336746623016,95.33301126107696,52,50,50,100,12
onepeace,korhonen_et_al_target_no_defence_non-adaptive,Kinetics400Dataset,5011.3723,50.3146,17.78,8.0,20,56.35303165435888,99.59285708219178,73,59,50,100,12
uniformer,korhonen_et_al_target_no_defence_non-adaptive,Kinetics400Dataset,1457.4252,13.4959,12.4,8.0,20,59.1643964323062,99.57158260493824,81,81,81,100,12
tanet,korhonen_et_al_target_no_defence_non-adaptive,Kinetics400Dataset,1925.7573,18.7782,17.47,8.0,20,54.50193361357674,95.31617773962985,68,58,56,100,12
mvitv2,korhonen_et_al_target_no_defence_non-adaptive,Kinetics400Dataset,1654.8613,15.0809,9.9,8.0,20,60.322269133939585,99.514552382716,81,81,81,100,12
videoswin,korhonen_et_al_target_no_defence_non-adaptive,Kinetics400Dataset,3230.297,30.9249,13.12,8.0,20,55.05185586559915,96.8098934535868,81,78,78,100,12
actionclip,korhonen_et_al_target_no_defence_non-adaptive,Kinetics400Dataset,513.7876,4.4813,20.0,8.0,20,53.21551366312621,98.86537828358205,67,66,66,100,12
timesformer,korhonen_et_al_target_rotate_adaptive,Kinetics400Dataset,355.91,3.1424,20.0,8.0,20,53.31874838194843,99.2636414142857,70,12,0,100,12
tsmnonlocal,korhonen_et_al_target_rotate_adaptive,Kinetics400Dataset,841.2735,7.8752,20.0,8.0,20,53.96528732696485,74.79177343859256,57,18,0,100,12
tsm,korhonen_et_al_target_rotate_adaptive,Kinetics400Dataset,1089.1019,10.3521,20.0,8.0,20,54.58709862371226,99.67814413207546,53,13,1,100,12
tsn,korhonen_et_al_target_rotate_adaptive,Kinetics400Dataset,527.7656,4.7714,20.0,8.0,20,58.240125229195954,99.62475526470588,68,17,0,100,12
uniformerv2,korhonen_et_al_target_rotate_adaptive,Kinetics400Dataset,962.1927,8.9654,20.0,8.0,20,54.254776946785235,97.60836860674159,89,12,0,100,12
ila,korhonen_et_al_target_rotate_adaptive,Kinetics400Dataset,855.3172,8.0202,20.0,8.0,20,55.45511473209118,74.806479505638,73,8,1,100,12
amd,korhonen_et_al_target_rotate_adaptive,Kinetics400Dataset,1311.3874,12.2355,20.0,8.0,20,54.49784622757348,92.26163581968378,74,11,1,100,12
tadaformer,korhonen_et_al_target_rotate_adaptive,Kinetics400Dataset,3228.3243,31.5463,20.0,8.0,20,55.94514435298445,98.98393789411767,85,2,0,100,12
videomae,korhonen_et_al_target_rotate_adaptive,Kinetics400Dataset,2151.681,20.4729,20.0,8.0,20,54.3650449463859,98.21848050000001,84,11,0,100,12
slowonly,korhonen_et_al_target_rotate_adaptive,Kinetics400Dataset,2738.2081,26.9394,20.0,8.0,20,62.43427699372478,99.51744809090908,33,5,0,100,12
onepeace,korhonen_et_al_target_rotate_adaptive,Kinetics400Dataset,5716.9756,56.6251,20.0,8.0,20,57.818866939643094,99.58726024999999,76,12,0,100,12
tpn,korhonen_et_al_target_rotate_adaptive,Kinetics400Dataset,1922.0727,18.2174,20.0,8.0,20,54.86808981871432,97.98150281250003,64,17,2,100,12
c2d,korhonen_et_al_target_rotate_adaptive,Kinetics400Dataset,1557.0435,14.4835,20.0,8.0,20,54.902648291473454,95.32944919701399,62,10,0,100,12
videomaev2,korhonen_et_al_target_rotate_adaptive,Kinetics400Dataset,2149.2083,20.5703,20.0,8.0,20,55.41271033949611,98.34628667415728,89,10,0,100,12
r2plus1d,korhonen_et_al_target_rotate_adaptive,Kinetics400Dataset,1713.1101,15.9525,20.0,8.0,20,55.40593995209226,95.33511734858699,50,24,1,100,12
tanet,korhonen_et_al_target_rotate_adaptive,Kinetics400Dataset,2264.7666,21.5236,20.0,8.0,20,55.12657973566802,95.30078945138213,58,16,0,100,12
uniformer,korhonen_et_al_target_rotate_adaptive,Kinetics400Dataset,2122.5266,20.0143,19.98,8.0,20,57.36910874342243,98.28829372500003,80,10,1,100,12
mvitv2,korhonen_et_al_target_rotate_adaptive,Kinetics400Dataset,2584.6658,24.323,20.0,8.0,20,57.43941219153183,98.24516925609758,82,11,0,100,12
videoswin,korhonen_et_al_target_rotate_adaptive,Kinetics400Dataset,4867.4213,47.5022,20.0,8.0,20,55.292363000295495,99.27510863157896,76,7,0,100,12
actionclip,korhonen_et_al_target_rotate_adaptive,Kinetics400Dataset,552.8628,4.8829,20.0,8.0,20,56.77579574161637,98.92535150000002,70,8,0,100,12
timesformer,korhonen_et_al_target_shuffle_adaptive,Kinetics400Dataset,355.0353,3.1303,19.74,8.0,20,51.11379447791093,99.31994745945944,74,32,29,100,12
tsmnonlocal,korhonen_et_al_target_shuffle_adaptive,Kinetics400Dataset,808.8025,7.5636,19.06,8.0,20,49.76961346614993,96.41876750000002,66,49,48,100,12
ila,korhonen_et_al_target_shuffle_adaptive,Kinetics400Dataset,761.2091,7.1957,18.04,8.0,20,54.64533274573288,74.80376674886989,82,73,73,100,12
tsm,korhonen_et_al_target_shuffle_adaptive,Kinetics400Dataset,1002.7216,9.5027,18.39,8.0,20,50.28360909781488,98.17186462686566,67,47,44,100,12
tsn,korhonen_et_al_target_shuffle_adaptive,Kinetics400Dataset,520.6734,4.6559,16.47,8.0,20,57.53033831107052,99.5775973888889,72,60,60,100,12
uniformerv2,korhonen_et_al_target_shuffle_adaptive,Kinetics400Dataset,853.3161,7.8365,16.07,8.0,20,53.974337716087796,89.58825732831282,87,82,82,100,12
amd,korhonen_et_al_target_shuffle_adaptive,Kinetics400Dataset,1302.6757,12.216,19.09,8.0,20,55.3264688195919,92.37855709250513,80,68,64,100,12
videomae,korhonen_et_al_target_shuffle_adaptive,Kinetics400Dataset,2164.7796,20.6169,19.43,8.0,20,54.16836904640306,99.46729181707315,82,65,58,100,12
tpn,korhonen_et_al_target_shuffle_adaptive,Kinetics400Dataset,1963.4674,18.6965,19.25,8.0,20,54.39117584539864,95.33777233132392,69,44,44,100,12
tadaformer,korhonen_et_al_target_shuffle_adaptive,Kinetics400Dataset,3264.6026,31.7789,20.0,8.0,20,57.128798090257845,94.11226022953595,89,17,13,100,12
slowonly,korhonen_et_al_target_shuffle_adaptive,Kinetics400Dataset,2880.4287,27.8314,20.0,8.0,20,57.5593212670274,95.35272447088013,40,1,1,100,12
videomaev2,korhonen_et_al_target_shuffle_adaptive,Kinetics400Dataset,2195.5314,21.0205,19.97,8.0,20,56.44708321422046,99.48144607954542,88,29,23,100,12
onepeace,korhonen_et_al_target_shuffle_adaptive,Kinetics400Dataset,5319.3872,53.1802,18.9,8.0,20,57.75013976841083,99.60318193150682,73,54,30,100,12
c2d,korhonen_et_al_target_shuffle_adaptive,Kinetics400Dataset,1500.5376,14.0387,19.08,8.0,20,54.831599521724634,99.62009161842103,76,68,67,100,12
r2plus1d,korhonen_et_al_target_shuffle_adaptive,Kinetics400Dataset,1793.1858,16.9095,20.0,8.0,20,57.439158907073704,95.3552803916806,53,41,18,100,12
tanet,korhonen_et_al_target_shuffle_adaptive,Kinetics400Dataset,2092.0894,20.6288,17.4,8.0,20,54.519016827555156,99.58568248529407,68,60,57,100,12
uniformer,korhonen_et_al_target_shuffle_adaptive,Kinetics400Dataset,2182.4483,20.5814,19.86,8.0,20,59.1778975362945,99.56189625316452,79,34,19,100,12
mvitv2,korhonen_et_al_target_shuffle_adaptive,Kinetics400Dataset,2673.1626,25.4005,19.9,8.0,20,59.12186458223367,99.48085204819277,83,41,27,100,12
videoswin,korhonen_et_al_target_shuffle_adaptive,Kinetics400Dataset,4755.6032,46.2398,18.81,8.0,20,55.11304409509192,99.29578226250001,80,48,45,100,12
actionclip,korhonen_et_al_target_shuffle_adaptive,Kinetics400Dataset,567.1525,5.0418,20.0,8.0,20,54.58019902362032,98.91839194117648,68,66,64,100,12
timesformer,korhonen_et_al_target_temporal_median_adaptive,Kinetics400Dataset,431.3439,3.8365,18.15,8.0,20,51.59276619597843,99.24183274647888,71,58,58,100,12
tsmnonlocal,korhonen_et_al_target_temporal_median_adaptive,Kinetics400Dataset,800.331,7.5022,19.0,8.0,20,49.64236474774689,99.36578708571425,70,53,52,100,12
ila,korhonen_et_al_target_temporal_median_adaptive,Kinetics400Dataset,794.0988,7.5629,18.02,8.0,20,54.64890605010185,99.46540325609753,82,74,74,100,12
tsm,korhonen_et_al_target_temporal_median_adaptive,Kinetics400Dataset,1005.9317,9.5801,18.39,8.0,20,50.28416094076665,99.66136914925374,67,47,44,100,12
tsn,korhonen_et_al_target_temporal_median_adaptive,Kinetics400Dataset,515.6009,4.6437,16.49,8.0,20,57.52383455404131,99.57776184722223,72,60,60,100,12
uniformerv2,korhonen_et_al_target_temporal_median_adaptive,Kinetics400Dataset,1195.1036,11.6011,14.78,8.0,20,54.15565823245599,98.79148696551721,87,82,82,100,12
amd,korhonen_et_al_target_temporal_median_adaptive,Kinetics400Dataset,1454.7633,13.9326,11.65,8.0,20,57.328060154499035,98.72001716666671,78,78,78,100,12
videomae,korhonen_et_al_target_temporal_median_adaptive,Kinetics400Dataset,1985.4817,19.0862,10.53,8.0,20,57.3840356930579,99.45467550684927,73,73,73,100,12
tadaformer,korhonen_et_al_target_temporal_median_adaptive,Kinetics400Dataset,4242.4451,42.4099,19.64,8.0,20,56.632489207771165,98.96366035714287,84,40,39,100,12
onepeace,korhonen_et_al_target_temporal_median_adaptive,Kinetics400Dataset,5128.0966,51.8368,17.14,8.0,20,58.6493076396375,98.0146514769231,65,58,46,100,12
slowonly,korhonen_et_al_target_temporal_median_adaptive,Kinetics400Dataset,3299.3317,34.2756,20.0,8.0,20,53.14015142129521,99.45155977419354,31,1,1,100,12
tpn,korhonen_et_al_target_temporal_median_adaptive,Kinetics400Dataset,2094.5907,22.0043,14.63,8.0,20,55.59901237438791,95.31687241543892,60,55,55,100,12
videomaev2,korhonen_et_al_target_temporal_median_adaptive,Kinetics400Dataset,2351.7073,22.9635,14.07,8.0,20,57.73873414960867,99.41475267415733,89,89,89,100,12
c2d,korhonen_et_al_target_temporal_median_adaptive,Kinetics400Dataset,1820.8825,18.5637,14.51,8.0,20,55.99650372659226,99.58943189855073,69,69,69,100,12
tanet,korhonen_et_al_target_temporal_median_adaptive,Kinetics400Dataset,2029.1358,20.0693,17.43,8.0,20,54.5093745593598,98.11590207352941,68,60,55,100,12
uniformer,korhonen_et_al_target_temporal_median_adaptive,Kinetics400Dataset,2934.3894,28.7097,11.64,8.0,20,61.7737386027503,98.3013047530864,81,81,81,100,12
videoswin,korhonen_et_al_target_temporal_median_adaptive,Kinetics400Dataset,4666.7222,46.5741,13.19,8.0,20,56.535376104697676,98.02934961250003,80,78,78,100,12
r2plus1d,korhonen_et_al_target_temporal_median_adaptive,Kinetics400Dataset,2026.4062,20.3872,14.3,8.0,20,59.4037179506688,95.34739429247074,47,46,46,100,12
mvitv2,korhonen_et_al_target_temporal_median_adaptive,Kinetics400Dataset,3378.5265,33.6919,10.21,8.0,20,62.554685439680156,99.42377562337663,77,77,77,100,12
actionclip,korhonen_et_al_target_temporal_median_adaptive,Kinetics400Dataset,1187.0843,12.0473,20.0,8.0,20,54.87050587832126,98.85426950793654,63,62,60,100,12
timesformer,mifgsm_target_crop_resize_adaptive,Kinetics400Dataset,258.6152,2.0879,13.81,8.0,20,31.94404678434506,91.74910196103896,77,64,59,100,12
tsmnonlocal,mifgsm_target_crop_resize_adaptive,Kinetics400Dataset,663.498,6.0972,15.8,8.0,20,31.438739264049172,93.06844212121207,66,58,55,100,12
ila,mifgsm_target_crop_resize_adaptive,Kinetics400Dataset,753.5333,7.1361,18.4,8.0,20,31.088104260490848,96.2319814,80,56,56,100,12
tsm,mifgsm_target_crop_resize_adaptive,Kinetics400Dataset,857.0216,8.2145,16.04,8.0,20,31.495500734653966,92.90011513432836,67,51,50,100,12
tsn,mifgsm_target_crop_resize_adaptive,Kinetics400Dataset,508.0312,4.467,19.47,8.0,20,34.04794829632121,86.45226013812821,66,38,33,100,12
uniformerv2,mifgsm_target_crop_resize_adaptive,Kinetics400Dataset,691.0814,6.34,15.52,8.0,20,31.185955178958604,87.73122301136364,88,83,83,100,12
amd,mifgsm_target_crop_resize_adaptive,Kinetics400Dataset,386.316,7.0587,11.08,8.0,20,32.48879319208909,82.85652028689329,78,71,69,100,12
tpn,mifgsm_target_crop_resize_adaptive,Kinetics400Dataset,1269.4037,11.8206,14.75,8.0,20,32.06121990840483,91.41280259999999,75,61,60,100,12
videomae,mifgsm_target_crop_resize_adaptive,Kinetics400Dataset,1358.6612,12.3191,13.37,8.0,20,31.84824329894322,89.36820721951219,82,77,74,100,12
videomaev2,mifgsm_target_crop_resize_adaptive,Kinetics400Dataset,1463.4142,13.7489,15.0,8.0,20,31.536143283800953,88.17882639325842,89,76,74,100,12
slowonly,mifgsm_target_crop_resize_adaptive,Kinetics400Dataset,2567.4741,24.6961,20.0,8.0,20,33.73258477200491,99.32426502325579,43,1,1,100,12
onepeace,mifgsm_target_crop_resize_adaptive,Kinetics400Dataset,5512.1308,54.7557,19.93,8.0,20,33.50286735699845,96.31063597260274,73,34,3,100,12
tadaformer,mifgsm_target_crop_resize_adaptive,Kinetics400Dataset,3049.5186,29.5348,19.85,8.0,20,30.972188389657287,82.53988842352943,85,31,23,100,12
c2d,mifgsm_target_crop_resize_adaptive,Kinetics400Dataset,994.288,9.0729,15.15,8.0,20,31.501833508370435,93.39178256756757,74,73,72,100,12
r2plus1d,mifgsm_target_crop_resize_adaptive,Kinetics400Dataset,1145.9758,10.4579,15.71,8.0,20,31.304050057947332,89.26914630769231,52,51,49,100,12
tanet,mifgsm_target_crop_resize_adaptive,Kinetics400Dataset,1627.9367,15.6639,15.92,8.0,20,31.385829860062653,88.15061626520915,66,58,53,100,12
uniformer,mifgsm_target_crop_resize_adaptive,Kinetics400Dataset,1774.3813,16.4093,16.96,8.0,20,33.45038997727831,92.98561500445854,81,75,70,100,12
mvitv2,mifgsm_target_crop_resize_adaptive,Kinetics400Dataset,1528.5983,13.4052,12.45,8.0,20,34.267557020712,91.77705142682925,82,75,75,100,12
videoswin,mifgsm_target_crop_resize_adaptive,Kinetics400Dataset,3711.6083,38.3164,17.91,8.0,20,30.91083987076442,91.97637801234569,81,51,41,100,12
actionclip,mifgsm_target_crop_resize_adaptive,Kinetics400Dataset,434.4439,3.6762,20.0,8.0,20,34.47467997398148,93.56979033333334,69,67,65,100,12
internvideo,mifgsm_target_crop_resize_adaptive,Kinetics400Dataset,319.6929,2.2647,9.51,8.0,20,35.42492237441014,91.03231577333335,75,66,52,100,12
i3d,mifgsm_target_crop_resize_adaptive,Kinetics400Dataset,678.544,14.514,14.0,8.0,20,31.664176095925676,82.67686442857143,14,13,13,38,12
slowfast,mifgsm_target_crop_resize_adaptive,Kinetics400Dataset,763.429,16.445,13.08,8.0,20,33.40029561509088,81.50098425,12,9,9,40,12
i3dnonlocal,mifgsm_target_crop_resize_adaptive,Kinetics400Dataset,773.9781,17.2205,14.33,8.0,20,31.94299579240717,83.67669833333332,9,9,9,40,12
timesformer,mifgsm_target_flip_adaptive,Kinetics400Dataset,243.4382,1.9094,11.66,8.0,20,34.94880390057461,73.48599073982327,79,64,62,100,12
tsmnonlocal,mifgsm_target_flip_adaptive,Kinetics400Dataset,601.4678,5.7535,14.46,8.0,20,33.199300270168635,96.89222441538462,65,58,58,100,12
ila,mifgsm_target_flip_adaptive,Kinetics400Dataset,672.9275,6.476,16.53,8.0,20,33.060971661638696,97.69728083950618,81,71,71,100,12
tsm,mifgsm_target_flip_adaptive,Kinetics400Dataset,710.3367,6.8416,13.37,8.0,20,34.870101243632284,97.73620193846158,65,46,46,100,12
tsn,mifgsm_target_flip_adaptive,Kinetics400Dataset,393.5163,3.2778,16.97,8.0,20,35.78756563528806,95.9082566818182,66,47,46,100,12
uniformerv2,mifgsm_target_flip_adaptive,Kinetics400Dataset,444.4575,3.7854,8.09,8.0,20,36.386966970684185,94.97932875280904,89,87,87,100,12
amd,mifgsm_target_flip_adaptive,Kinetics400Dataset,493.8815,3.6002,4.23,8.0,20,40.003086946491806,95.25917426582278,79,79,79,100,12
videomae,mifgsm_target_flip_adaptive,Kinetics400Dataset,680.2877,4.1257,4.0,8.0,20,40.16473617582184,97.79517086904761,84,84,84,100,12
tpn,mifgsm_target_flip_adaptive,Kinetics400Dataset,866.3368,8.3157,10.25,8.0,20,36.45567003459754,97.6128270136986,73,55,55,100,12
onepeace,mifgsm_target_flip_adaptive,Kinetics400Dataset,2274.6127,23.0113,8.01,8.0,20,38.3477124822656,89.32780469829596,74,64,64,100,12
videomaev2,mifgsm_target_flip_adaptive,Kinetics400Dataset,801.5823,6.7849,7.05,8.0,20,36.9178028650476,95.7011531098901,91,91,91,100,12
slowonly,mifgsm_target_flip_adaptive,Kinetics400Dataset,2541.5687,24.4224,20.0,8.0,20,34.486228172627435,99.33524213953484,43,1,1,100,12
tadaformer,mifgsm_target_flip_adaptive,Kinetics400Dataset,2682.8825,26.2397,17.61,8.0,20,32.740826036941456,84.40649982758622,87,80,80,100,12
c2d,mifgsm_target_flip_adaptive,Kinetics400Dataset,690.8365,4.5378,7.35,8.0,20,36.495445633435594,96.61706678378374,74,71,71,100,12
r2plus1d,mifgsm_target_flip_adaptive,Kinetics400Dataset,1042.5825,8.7241,11.04,8.0,20,33.43759172462294,91.35714206413826,57,56,56,100,12
tanet,mifgsm_target_flip_adaptive,Kinetics400Dataset,1440.713,13.7887,14.21,8.0,20,33.65375139749401,94.34909449999998,66,60,56,100,12
uniformer,mifgsm_target_flip_adaptive,Kinetics400Dataset,1498.348,10.3127,8.53,8.0,20,38.00130024966521,95.6661400593869,81,81,81,100,12
mvitv2,mifgsm_target_flip_adaptive,Kinetics400Dataset,1250.327,6.426,4.82,8.0,20,41.088951094637146,96.28544986585365,82,82,82,100,12
videoswin,mifgsm_target_flip_adaptive,Kinetics400Dataset,290.03,30.1381,13.66,8.0,20,34.4510512454059,95.955725325,80,69,65,100,12
actionclip,mifgsm_target_flip_adaptive,Kinetics400Dataset,439.5437,3.7289,20.0,8.0,20,35.6150188286743,95.36507854411764,68,68,68,100,12
x3d,mifgsm_target_flip_adaptive,Kinetics400Dataset,479.2023,14.0426,6.86,8.0,20,37.83913730396555,96.59308742857142,14,13,13,32,12
timesformer,mifgsm_target_gaussian_blur_adaptive,Kinetics400Dataset,312.1922,2.8109,13.72,8.0,20,31.597321555137814,86.47143494444441,72,62,55,100,12
tsmnonlocal,mifgsm_target_gaussian_blur_adaptive,Kinetics400Dataset,686.1013,6.2784,16.04,8.0,20,31.385084248112303,87.89295429629628,54,47,42,100,12
ila,mifgsm_target_gaussian_blur_adaptive,Kinetics400Dataset,785.5069,7.5081,18.52,8.0,20,30.94204618187434,88.93325386666666,75,59,59,100,12
tsm,mifgsm_target_gaussian_blur_adaptive,Kinetics400Dataset,896.77,8.2114,15.11,8.0,20,31.560932252771558,88.13041412280698,57,44,38,100,12
tsn,mifgsm_target_gaussian_blur_adaptive,Kinetics400Dataset,686.9427,6.3207,19.59,8.0,20,33.927834028512564,92.12137823728814,59,37,33,100,12
uniformerv2,mifgsm_target_gaussian_blur_adaptive,Kinetics400Dataset,974.8666,9.1763,14.99,8.0,20,31.43186925185554,79.53312578571429,84,78,74,100,12
amd,mifgsm_target_gaussian_blur_adaptive,Kinetics400Dataset,1093.9896,10.0895,7.51,8.0,20,34.519330853111136,78.1549485456133,75,74,71,100,12
videomae,mifgsm_target_gaussian_blur_adaptive,Kinetics400Dataset,1796.8374,16.4856,8.14,8.0,20,34.36020712453672,84.88007942197433,79,78,77,100,12
tpn,mifgsm_target_gaussian_blur_adaptive,Kinetics400Dataset,693.7025,17.9064,14.03,8.0,20,31.789955981762997,83.71029401562498,64,52,50,100,12
videomaev2,mifgsm_target_gaussian_blur_adaptive,Kinetics400Dataset,1821.9935,17.2045,11.38,8.0,20,32.20193334828915,81.66802712790698,86,80,78,100,12
c2d,mifgsm_target_gaussian_blur_adaptive,Kinetics400Dataset,1568.6591,14.6815,13.51,8.0,20,31.845887284659394,87.28144623076925,65,64,61,100,12
tadaformer,mifgsm_target_gaussian_blur_adaptive,Kinetics400Dataset,3546.9123,34.8713,19.93,8.0,20,30.90896204269027,76.33899760493826,81,45,41,100,12
onepeace,mifgsm_target_gaussian_blur_adaptive,Kinetics400Dataset,4136.0655,40.4938,14.22,8.0,20,34.18054108713817,95.7156556153846,65,54,29,100,12
slowonly,mifgsm_target_gaussian_blur_adaptive,Kinetics400Dataset,3140.6959,31.2636,19.62,8.0,20,31.828843930998392,95.53648667500002,40,12,5,100,12
r2plus1d,mifgsm_target_gaussian_blur_adaptive,Kinetics400Dataset,1780.3204,16.7246,14.02,8.0,20,31.664170388162844,82.33860532558137,43,43,38,100,12
tanet,mifgsm_target_gaussian_blur_adaptive,Kinetics400Dataset,2255.1244,21.9409,15.2,8.0,20,31.304257373591483,82.03161473214286,56,52,48,100,12
uniformer,mifgsm_target_gaussian_blur_adaptive,Kinetics400Dataset,1106.8606,28.0402,13.89,8.0,20,33.787519118856814,87.60836786199557,80,78,75,100,12
mvitv2,mifgsm_target_gaussian_blur_adaptive,Kinetics400Dataset,3206.6029,30.1952,9.04,8.0,20,35.70819038031429,87.44649531897848,77,75,73,100,12
videoswin,mifgsm_target_gaussian_blur_adaptive,Kinetics400Dataset,295.5263,50.3439,15.53,8.0,20,31.374460719464583,83.11544169678916,77,65,57,100,12
actionclip,mifgsm_target_gaussian_blur_adaptive,Kinetics400Dataset,767.4143,7.103,20.0,8.0,20,34.41151813940923,88.01104965671645,67,67,66,100,12
timesformer,mifgsm_target_no_defence_non-adaptive,Kinetics400Dataset,238.1421,1.8273,11.3,8.0,20,35.05033022206835,73.40625481676108,79,68,66,100,12
tsmnonlocal,mifgsm_target_no_defence_non-adaptive,Kinetics400Dataset,605.2083,5.4742,13.84,8.0,20,33.458459818570546,74.21953670850888,69,60,60,100,12
tsm,mifgsm_target_no_defence_non-adaptive,Kinetics400Dataset,661.7258,6.2933,12.28,8.0,20,35.29004208224145,97.72663979104478,67,51,51,100,12
ila,mifgsm_target_no_defence_non-adaptive,Kinetics400Dataset,662.5059,6.3582,16.52,8.0,20,33.12381017981108,96.60067578048779,82,74,74,100,12
tsn,mifgsm_target_no_defence_non-adaptive,Kinetics400Dataset,393.9,3.2791,16.81,8.0,20,36.13747976201162,95.94413404166669,72,54,51,100,12
amd,mifgsm_target_no_defence_non-adaptive,Kinetics400Dataset,484.3274,3.3501,3.85,8.0,20,40.48510869835705,95.69465974999997,80,80,80,100,12
uniformerv2,mifgsm_target_no_defence_non-adaptive,Kinetics400Dataset,496.466,4.2003,7.89,8.0,20,36.64308432886631,86.46612804058756,88,86,85,100,12
videomae,mifgsm_target_no_defence_non-adaptive,Kinetics400Dataset,663.4782,4.2175,4.27,8.0,20,39.908965386927875,97.64475178571428,84,84,84,100,12
onepeace,mifgsm_target_no_defence_non-adaptive,Kinetics400Dataset,2240.3756,22.7877,8.03,8.0,20,38.157061450351364,97.56620546575341,73,65,65,100,12
tpn,mifgsm_target_no_defence_non-adaptive,Kinetics400Dataset,848.807,7.9478,9.77,8.0,20,36.83054505639029,97.46684007042253,71,57,57,100,12
tadaformer,mifgsm_target_no_defence_non-adaptive,Kinetics400Dataset,2670.6182,26.3047,17.67,8.0,20,32.84760032414404,85.7126213882353,85,76,76,100,12
videomaev2,mifgsm_target_no_defence_non-adaptive,Kinetics400Dataset,770.2793,6.5071,7.02,8.0,20,36.789131568345496,95.56909983333331,90,90,90,100,12
slowonly,mifgsm_target_no_defence_non-adaptive,Kinetics400Dataset,2514.542,24.1974,20.0,8.0,20,34.86640963973855,97.01156037209299,43,0,0,100,12
c2d,mifgsm_target_no_defence_non-adaptive,Kinetics400Dataset,705.5523,4.4617,7.35,8.0,20,36.48276566776266,97.97680731168829,77,75,75,100,12
r2plus1d,mifgsm_target_no_defence_non-adaptive,Kinetics400Dataset,1074.1843,9.1599,11.71,8.0,20,33.24584687582226,91.43074087814514,52,52,52,100,12
tanet,mifgsm_target_no_defence_non-adaptive,Kinetics400Dataset,1409.898,13.2615,13.68,8.0,20,33.281040616658615,95.32152744117646,68,64,62,100,12
uniformer,mifgsm_target_no_defence_non-adaptive,Kinetics400Dataset,1051.0715,7.7355,8.64,8.0,20,37.98596315954889,98.10201081481479,81,81,81,100,12
mvitv2,mifgsm_target_no_defence_non-adaptive,Kinetics400Dataset,1250.9449,6.7577,5.31,8.0,20,40.48667133370674,97.05217004938275,81,81,81,100,12
videoswin,mifgsm_target_no_defence_non-adaptive,Kinetics400Dataset,3035.867,29.3809,13.77,8.0,20,34.57133411631547,93.97231569561455,81,69,68,100,12
actionclip,mifgsm_target_no_defence_non-adaptive,Kinetics400Dataset,443.4904,3.752,20.0,8.0,20,35.58944338099037,95.25894976119406,67,67,67,100,12
x3d,mifgsm_target_no_defence_non-adaptive,Kinetics400Dataset,670.1064,15.9241,6.4,8.0,20,38.51360302006157,96.85320493333333,15,14,14,35,12
timesformer,mifgsm_target_rotate_adaptive,Kinetics400Dataset,303.3808,2.614,16.92,8.0,20,31.79884839377066,91.33201712676058,71,63,46,100,12
tsmnonlocal,mifgsm_target_rotate_adaptive,Kinetics400Dataset,801.8627,7.6196,19.43,8.0,20,30.926285289346705,73.12881957281039,53,42,27,100,12
ila,mifgsm_target_rotate_adaptive,Kinetics400Dataset,828.4458,7.8569,19.49,8.0,20,31.12761071228216,95.32393926666666,75,46,33,100,12
tsm,mifgsm_target_rotate_adaptive,Kinetics400Dataset,1053.0478,10.0634,19.35,8.0,20,31.06815378177899,79.57802496650584,52,38,25,100,12
tsn,mifgsm_target_rotate_adaptive,Kinetics400Dataset,512.3697,4.4901,20.0,8.0,20,32.66505940169093,85.58503691917306,65,26,8,100,12
uniformerv2,mifgsm_target_rotate_adaptive,Kinetics400Dataset,860.969,7.8542,18.69,8.0,20,31.09947777484852,81.11234291632243,89,68,58,100,12
amd,mifgsm_target_rotate_adaptive,Kinetics400Dataset,944.7503,8.6996,15.71,8.0,20,31.72319377037417,83.97753618421054,76,65,63,100,12
videomae,mifgsm_target_rotate_adaptive,Kinetics400Dataset,1696.3486,15.8661,16.95,8.0,20,31.56442107541561,90.61258565060245,83,71,58,100,12
tpn,mifgsm_target_rotate_adaptive,Kinetics400Dataset,1670.2164,16.1002,19.2,8.0,20,31.151095933653714,87.87811888598446,64,43,29,100,12
tadaformer,mifgsm_target_rotate_adaptive,Kinetics400Dataset,3067.416,29.9638,19.99,8.0,20,31.156150858360043,83.46003642352943,85,25,11,100,12
c2d,mifgsm_target_rotate_adaptive,Kinetics400Dataset,1275.5451,11.9848,19.2,8.0,20,31.052564531581236,94.80874381159421,69,49,37,100,12
videomaev2,mifgsm_target_rotate_adaptive,Kinetics400Dataset,1784.6174,16.8815,18.17,8.0,20,31.26038713605443,87.5133715280899,89,58,52,100,12
onepeace,mifgsm_target_rotate_adaptive,Kinetics400Dataset,5623.1708,55.691,20.0,8.0,20,32.16905069882889,95.68216815492951,71,34,0,100,12
r2plus1d,mifgsm_target_rotate_adaptive,Kinetics400Dataset,1421.9141,13.4224,19.17,8.0,20,31.178771280649485,91.13370841304346,46,44,23,100,12
tanet,mifgsm_target_rotate_adaptive,Kinetics400Dataset,1951.4243,18.7243,19.34,8.0,20,31.2775901533248,91.97804931147543,61,39,18,100,12
uniformer,mifgsm_target_rotate_adaptive,Kinetics400Dataset,1717.7593,15.944,18.42,8.0,20,32.24454641229897,92.92529484615385,78,55,41,100,12
videoswin,mifgsm_target_rotate_adaptive,Kinetics400Dataset,4187.0442,40.5555,19.19,8.0,20,30.961925663766998,91.21677367948722,78,48,33,100,12
mvitv2,mifgsm_target_rotate_adaptive,Kinetics400Dataset,2322.9279,21.5601,17.55,8.0,20,32.29644756288814,86.71863246958326,78,50,46,100,12
slowonly,mifgsm_target_rotate_adaptive,Kinetics400Dataset,2434.6761,25.0368,20.0,8.0,20,31.76979368271153,99.08332942424242,33,7,0,100,12
actionclip,mifgsm_target_rotate_adaptive,Kinetics400Dataset,484.878,4.1949,20.0,8.0,20,33.17014626269445,92.0373156811594,69,64,37,100,12
timesformer,mifgsm_target_shuffle_adaptive,Kinetics400Dataset,236.872,1.9788,11.46,8.0,20,35.4478934347307,97.15792574324325,74,65,64,100,12
tsmnonlocal,mifgsm_target_shuffle_adaptive,Kinetics400Dataset,578.8035,5.1366,12.25,8.0,20,33.78930909614583,97.2052909375,64,58,58,100,12
ila,mifgsm_target_shuffle_adaptive,Kinetics400Dataset,700.6276,6.7569,16.54,8.0,20,33.122866683255836,97.66416478048778,82,74,74,100,12
tsm,mifgsm_target_shuffle_adaptive,Kinetics400Dataset,674.063,6.3562,12.3,8.0,20,35.2610461057139,97.71662907462687,67,51,51,100,12
tsn,mifgsm_target_shuffle_adaptive,Kinetics400Dataset,449.6182,3.9122,16.78,8.0,20,36.14077317489629,98.70639718055556,72,54,51,100,12
uniformerv2,mifgsm_target_shuffle_adaptive,Kinetics400Dataset,524.1701,4.6111,9.03,8.0,20,35.808196646507874,94.77861573863639,88,85,85,100,12
videomae,mifgsm_target_shuffle_adaptive,Kinetics400Dataset,985.9956,8.5972,7.88,8.0,20,35.84327018712892,95.11658271084336,83,83,83,100,12
tpn,mifgsm_target_shuffle_adaptive,Kinetics400Dataset,1208.3629,11.2418,12.76,8.0,20,34.1679295139196,96.43778387142856,70,66,66,100,12
videomaev2,mifgsm_target_shuffle_adaptive,Kinetics400Dataset,1505.1495,14.1945,14.38,8.0,20,33.694103721184696,92.92953351685394,89,81,81,100,12
tadaformer,mifgsm_target_shuffle_adaptive,Kinetics400Dataset,3073.3021,30.0167,19.79,8.0,20,33.461217758052584,93.35060844827585,87,55,52,100,12
slowonly,mifgsm_target_shuffle_adaptive,Kinetics400Dataset,2635.4712,25.3428,20.0,8.0,20,34.89561211322917,99.2724187272727,44,4,2,100,12
c2d,mifgsm_target_shuffle_adaptive,Kinetics400Dataset,999.9005,9.4238,14.07,8.0,20,33.620513019055615,97.3788741780822,73,70,70,100,12
amd,mifgsm_target_shuffle_adaptive,Kinetics400Dataset,851.6437,7.8051,7.74,8.0,20,36.12897556600127,86.98683887319098,80,80,80,100,12
r2plus1d,mifgsm_target_shuffle_adaptive,Kinetics400Dataset,1477.2497,13.7057,18.33,8.0,20,33.1409622459503,91.7491544830156,51,51,46,100,12
tanet,mifgsm_target_shuffle_adaptive,Kinetics400Dataset,1601.6961,15.1888,13.5,8.0,20,33.31469116105335,95.35569480882349,68,63,61,100,12
uniformer,mifgsm_target_shuffle_adaptive,Kinetics400Dataset,1460.111,13.2635,12.74,8.0,20,36.11362070571303,93.83547215000002,80,79,79,100,12
mvitv2,mifgsm_target_shuffle_adaptive,Kinetics400Dataset,1739.5343,15.9621,12.33,8.0,20,36.299620534734416,93.917081902439,82,80,79,100,12
videoswin,mifgsm_target_shuffle_adaptive,Kinetics400Dataset,3616.5883,35.4914,15.23,8.0,20,33.67387668498213,94.43309625925927,81,64,62,100,12
onepeace,mifgsm_target_shuffle_adaptive,Kinetics400Dataset,2293.8985,24.3669,8.36,8.0,20,37.60212483282486,99.01225376712327,73,69,66,100,12
actionclip,mifgsm_target_shuffle_adaptive,Kinetics400Dataset,505.1628,4.3689,20.0,8.0,20,35.77653681965305,95.40455592307693,65,65,65,100,12
timesformer,mifgsm_target_temporal_median_adaptive,Kinetics400Dataset,265.4856,2.1813,7.59,8.0,20,38.11167297376478,74.01955849852814,71,69,69,100,12
tsmnonlocal,mifgsm_target_temporal_median_adaptive,Kinetics400Dataset,608.5635,5.6378,13.3,8.0,20,33.55467162867953,95.62496087878786,66,58,57,100,12
tsm,mifgsm_target_temporal_median_adaptive,Kinetics400Dataset,680.0199,6.4582,12.3,8.0,20,35.29467771118894,97.71761005970149,67,51,51,100,12
ila,mifgsm_target_temporal_median_adaptive,Kinetics400Dataset,684.1691,6.6022,16.52,8.0,20,33.12282379265986,96.45939396341461,82,74,74,100,12
tsn,mifgsm_target_temporal_median_adaptive,Kinetics400Dataset,469.9827,4.1359,16.79,8.0,20,36.13920537504493,98.70691673611111,72,54,51,100,12
uniformerv2,mifgsm_target_temporal_median_adaptive,Kinetics400Dataset,633.0797,5.8154,5.82,8.0,20,38.1229076318365,87.71064483515825,87,87,87,100,12
amd,mifgsm_target_temporal_median_adaptive,Kinetics400Dataset,696.0881,6.2922,3.85,8.0,20,40.926941885047945,95.36731571794873,78,78,78,100,12
onepeace,mifgsm_target_temporal_median_adaptive,Kinetics400Dataset,2066.9767,20.5417,6.46,8.0,20,39.52426772115315,98.96476658461539,65,64,64,100,12
videomae,mifgsm_target_temporal_median_adaptive,Kinetics400Dataset,947.2945,8.7496,3.81,8.0,20,41.532708554414654,98.75044519178083,73,73,73,100,12
tpn,mifgsm_target_temporal_median_adaptive,Kinetics400Dataset,986.0785,10.468,6.17,8.0,20,39.612937284422905,98.81070696666666,60,55,55,100,12
videomaev2,mifgsm_target_temporal_median_adaptive,Kinetics400Dataset,1251.874,11.5334,5.48,8.0,20,38.23539833386763,93.73415887539937,89,89,89,100,12
c2d,mifgsm_target_temporal_median_adaptive,Kinetics400Dataset,917.2064,8.8298,5.52,8.0,20,38.40213778271701,97.31401236231885,69,69,69,100,12
tadaformer,mifgsm_target_temporal_median_adaptive,Kinetics400Dataset,3134.9471,31.7423,14.64,8.0,20,33.45107064752086,92.8632576309524,84,82,82,100,12
slowonly,mifgsm_target_temporal_median_adaptive,Kinetics400Dataset,3114.9527,31.9156,19.61,8.0,20,35.04940438284837,99.40948464516127,31,1,1,100,12
r2plus1d,mifgsm_target_temporal_median_adaptive,Kinetics400Dataset,1389.2412,13.9452,10.3,8.0,20,34.541457460436206,97.22016465957445,47,47,47,100,12
tanet,mifgsm_target_temporal_median_adaptive,Kinetics400Dataset,1513.3132,14.3417,13.59,8.0,20,33.320835944416366,95.3487556764706,68,64,60,100,12
uniformer,mifgsm_target_temporal_median_adaptive,Kinetics400Dataset,1723.4783,16.1392,5.98,8.0,20,40.0915936112898,96.40163471604941,81,81,81,100,12
videoswin,mifgsm_target_temporal_median_adaptive,Kinetics400Dataset,2725.1466,27.1968,7.44,8.0,20,37.059978536282266,96.2616313375,80,77,77,100,12
mvitv2,mifgsm_target_temporal_median_adaptive,Kinetics400Dataset,1904.3239,18.4285,4.84,8.0,20,41.83782009348766,98.40061055844157,77,77,77,100,12
actionclip,mifgsm_target_temporal_median_adaptive,Kinetics400Dataset,1124.3685,11.3646,20.0,8.0,20,36.00364000057117,96.248213031746,63,63,63,100,12
timesformer,stadv_target_crop_resize_adaptive,Kinetics400Dataset,338.3334,2.9213,20.0,0.25,20,48.754217208311786,98.55221967088607,79,6,0,100,12
tsmnonlocal,stadv_target_crop_resize_adaptive,Kinetics400Dataset,846.1321,7.9451,20.0,0.25,20,48.38434470278206,99.06142004545455,66,6,0,100,12
ila,stadv_target_crop_resize_adaptive,Kinetics400Dataset,813.7477,7.6935,20.0,0.25,20,49.882009755204145,99.02677692857144,84,4,0,100,12
tsm,stadv_target_crop_resize_adaptive,Kinetics400Dataset,1101.5357,10.4853,20.0,0.25,20,48.90072898293535,99.39480392424242,66,1,0,100,12
tsn,stadv_target_crop_resize_adaptive,Kinetics400Dataset,472.4175,4.0916,20.0,0.25,20,54.504650041566,99.43909579999999,70,4,0,100,12
uniformerv2,stadv_target_crop_resize_adaptive,Kinetics400Dataset,883.3903,8.1486,20.0,0.25,20,49.13539432363699,97.38777013953487,86,2,0,100,12
amd,stadv_target_crop_resize_adaptive,Kinetics400Dataset,1170.9754,10.9168,20.0,0.25,20,49.78222189335267,97.45197358441555,77,0,0,100,12
videomae,stadv_target_crop_resize_adaptive,Kinetics400Dataset,2010.0613,19.1279,20.0,0.25,20,49.94884084303364,98.90757776190475,84,2,0,100,12
slowonly,stadv_target_crop_resize_adaptive,Kinetics400Dataset,2669.7997,25.9257,20.0,0.25,20,55.82495777680552,99.54596186046511,43,2,0,100,12
tadaformer,stadv_target_crop_resize_adaptive,Kinetics400Dataset,3065.5723,29.7419,20.0,0.25,20,51.25279043745256,98.08747532941176,85,2,0,100,12
tpn,stadv_target_crop_resize_adaptive,Kinetics400Dataset,1840.2009,17.4526,20.0,0.25,20,49.84721129864013,99.36074689189186,74,3,0,100,12
onepeace,stadv_target_crop_resize_adaptive,Kinetics400Dataset,5612.7437,55.5562,20.0,0.25,20,52.632899507078015,99.31283251999997,75,4,0,100,12
c2d,stadv_target_crop_resize_adaptive,Kinetics400Dataset,1414.088,13.2024,20.0,0.25,20,50.325911605055175,99.34792732894734,76,3,0,100,12
r2plus1d,stadv_target_crop_resize_adaptive,Kinetics400Dataset,1587.4419,14.984,20.0,0.25,20,50.69997746860441,99.42348282692305,52,5,0,100,12
videomaev2,stadv_target_crop_resize_adaptive,Kinetics400Dataset,2006.5163,19.1193,20.0,0.25,20,50.91423203794368,98.87305767777775,90,3,0,100,12
uniformer,stadv_target_crop_resize_adaptive,Kinetics400Dataset,1871.1396,17.472,20.0,0.25,20,53.22603928298378,99.29099971604938,81,3,0,100,12
tanet,stadv_target_crop_resize_adaptive,Kinetics400Dataset,2153.6347,20.6957,20.0,0.25,20,49.82007188245254,99.19064159701496,67,4,0,100,12
mvitv2,stadv_target_crop_resize_adaptive,Kinetics400Dataset,2139.2089,19.7199,20.0,0.25,20,52.6295143557868,99.11452975308644,81,1,0,100,12
videoswin,stadv_target_crop_resize_adaptive,Kinetics400Dataset,4636.6971,45.2542,20.0,0.25,20,51.1123950426588,97.47150759756099,82,0,0,100,12
actionclip,stadv_target_crop_resize_adaptive,Kinetics400Dataset,470.8641,4.0316,20.0,0.25,20,51.67254505361591,98.01993852941175,68,3,0,100,12
timesformer,stadv_target_flip_adaptive,Kinetics400Dataset,350.8985,3.06,20.0,0.25,20,44.99083339506582,97.89145458227846,79,6,0,100,12
tsn,stadv_target_flip_adaptive,Kinetics400Dataset,469.6581,4.139,20.0,0.25,20,52.255095188127505,99.45483825757577,66,2,0,100,12
ila,stadv_target_flip_adaptive,Kinetics400Dataset,826.1766,7.8277,20.0,0.25,20,47.54183495588552,98.88463780246914,81,12,9,100,12
uniformerv2,stadv_target_flip_adaptive,Kinetics400Dataset,826.2857,7.5612,20.0,0.25,20,45.395787249319056,96.17008106741577,89,5,1,100,12
tsmnonlocal,stadv_target_flip_adaptive,Kinetics400Dataset,817.0901,7.6595,20.0,0.25,20,45.86967962399773,98.87492084126986,63,4,0,100,12
tsm,stadv_target_flip_adaptive,Kinetics400Dataset,1101.9978,10.4973,20.0,0.25,20,46.31415379423157,99.32410953846156,65,2,0,100,12
amd,stadv_target_flip_adaptive,Kinetics400Dataset,1173.6584,10.8792,20.0,0.25,20,45.2922141818333,95.75331994936714,79,9,0,100,12
tpn,stadv_target_flip_adaptive,Kinetics400Dataset,1816.6797,17.2559,20.0,0.25,20,47.12273612792711,99.24930784931509,73,3,1,100,12
videomae,stadv_target_flip_adaptive,Kinetics400Dataset,2006.2378,19.0905,20.0,0.25,20,44.66427512458979,97.8191747261905,84,11,0,100,12
slowonly,stadv_target_flip_adaptive,Kinetics400Dataset,2643.211,25.5874,20.0,0.25,20,53.36206689946649,99.44284453488372,43,0,0,100,12
tadaformer,stadv_target_flip_adaptive,Kinetics400Dataset,3048.6825,29.6727,20.0,0.25,20,48.406950118896646,97.38632287356324,87,5,0,100,12
videomaev2,stadv_target_flip_adaptive,Kinetics400Dataset,2007.2672,19.1079,20.0,0.25,20,46.826600459380494,98.22290161538459,91,10,1,100,12
c2d,stadv_target_flip_adaptive,Kinetics400Dataset,1418.159,13.1961,20.0,0.25,20,47.46381299791311,99.04628814864869,74,2,1,100,12
onepeace,stadv_target_flip_adaptive,Kinetics400Dataset,5610.2286,55.5517,20.0,0.25,20,47.99484269102956,99.22225014864865,74,17,0,100,12
r2plus1d,stadv_target_flip_adaptive,Kinetics400Dataset,1583.7876,14.9345,20.0,0.25,20,47.90304532674769,99.30136542105267,57,13,2,100,12
uniformer,stadv_target_flip_adaptive,Kinetics400Dataset,1871.5456,17.4042,20.0,0.25,20,49.825242275536354,99.02043654320987,81,10,0,100,12
tanet,stadv_target_flip_adaptive,Kinetics400Dataset,2155.1787,20.7109,20.0,0.25,20,47.49476014298498,99.20405060606062,66,7,0,100,12
mvitv2,stadv_target_flip_adaptive,Kinetics400Dataset,2112.0095,19.4315,20.0,0.25,20,48.336629152464944,98.55754763414633,82,6,0,100,12
videoswin,stadv_target_flip_adaptive,Kinetics400Dataset,4655.1982,45.5476,20.0,0.25,20,47.33896033973855,98.0528203625,80,3,0,100,12
actionclip,stadv_target_flip_adaptive,Kinetics400Dataset,469.2467,3.9987,20.0,0.25,20,47.075010347613386,97.13899442647062,68,23,3,100,12
timesformer,stadv_target_gaussian_blur_adaptive,Kinetics400Dataset,417.5763,3.7545,20.0,0.25,20,45.26263127293005,97.84672108000002,75,10,0,100,12
tsn,stadv_target_gaussian_blur_adaptive,Kinetics400Dataset,709.8602,6.5502,20.0,0.25,20,52.576943484441976,99.25984742187501,64,7,0,100,12
tsmnonlocal,stadv_target_gaussian_blur_adaptive,Kinetics400Dataset,858.9778,8.1116,20.0,0.25,20,46.71827998959594,98.73345869999997,60,8,0,100,12
ila,stadv_target_gaussian_blur_adaptive,Kinetics400Dataset,853.5173,8.1022,20.0,0.25,20,47.102068372034054,98.69213755405404,74,10,0,100,12
tsm,stadv_target_gaussian_blur_adaptive,Kinetics400Dataset,1122.9644,10.7203,20.0,0.25,20,47.13372236764202,99.31985848000001,50,3,0,100,12
uniformerv2,stadv_target_gaussian_blur_adaptive,Kinetics400Dataset,1151.0928,10.9202,20.0,0.25,20,46.094220407637806,95.72774948148148,81,4,0,100,12
amd,stadv_target_gaussian_blur_adaptive,Kinetics400Dataset,1569.7214,14.9398,20.0,0.25,20,45.923352602958055,95.60259658108109,74,2,0,100,12
tadaformer,stadv_target_gaussian_blur_adaptive,Kinetics400Dataset,3475.6376,34.0471,20.0,0.25,20,48.749606606759365,97.10495989156627,83,3,0,100,12
onepeace,stadv_target_gaussian_blur_adaptive,Kinetics400Dataset,5689.5622,56.6814,20.0,0.25,20,48.699959989683975,98.91600192187498,64,12,0,100,12
videomae,stadv_target_gaussian_blur_adaptive,Kinetics400Dataset,2551.0295,24.5818,20.0,0.25,20,45.6022555667865,98.16451241558441,77,1,0,100,12
slowonly,stadv_target_gaussian_blur_adaptive,Kinetics400Dataset,3140.0241,31.1738,20.0,0.25,20,49.71646386805627,99.70895620930233,43,6,0,100,12
tpn,stadv_target_gaussian_blur_adaptive,Kinetics400Dataset,2301.7294,22.5543,20.0,0.25,20,47.95712528449439,99.14421904687504,64,7,0,100,12
c2d,stadv_target_gaussian_blur_adaptive,Kinetics400Dataset,1917.744,18.6576,20.0,0.25,20,47.848317308380636,99.14903358333332,60,2,0,100,12
r2plus1d,stadv_target_gaussian_blur_adaptive,Kinetics400Dataset,2131.8118,21.2755,20.0,0.25,20,49.387360811367,99.33377453658535,41,5,0,100,12
videomaev2,stadv_target_gaussian_blur_adaptive,Kinetics400Dataset,2549.899,24.6972,20.0,0.25,20,47.746160826161955,98.53356162352941,85,6,0,100,12
tanet,stadv_target_gaussian_blur_adaptive,Kinetics400Dataset,2721.0702,26.7829,20.0,0.25,20,47.716543771686524,99.07495425454545,55,5,0,100,12
uniformer,stadv_target_gaussian_blur_adaptive,Kinetics400Dataset,3185.3286,30.9171,20.0,0.25,20,50.30381385703616,98.86304857692308,78,6,0,100,12
videoswin,stadv_target_gaussian_blur_adaptive,Kinetics400Dataset,5902.1407,58.9292,20.0,0.25,20,47.99882729812172,97.81414976315789,76,5,0,100,12
mvitv2,stadv_target_gaussian_blur_adaptive,Kinetics400Dataset,4092.5549,40.0403,20.0,0.25,20,49.10897375363446,96.0318861923077,78,2,0,100,12
actionclip,stadv_target_gaussian_blur_adaptive,Kinetics400Dataset,149.3574,6.8966,20.0,0.25,20,48.3714728192707,96.71004574285712,70,12,0,100,12
timesformer,stadv_target_no_defence_non-adaptive,Kinetics400Dataset,309.9274,2.6483,20.0,0.25,20,44.851974767772205,97.84740674683545,79,9,0,100,12
tsmnonlocal,stadv_target_no_defence_non-adaptive,Kinetics400Dataset,840.9364,7.9041,20.0,0.25,20,45.9538426364707,98.84056950793651,63,5,0,100,12
ila,stadv_target_no_defence_non-adaptive,Kinetics400Dataset,828.0978,7.8323,19.96,0.25,20,47.235465885986,98.89334509756101,82,18,14,100,12
tsn,stadv_target_no_defence_non-adaptive,Kinetics400Dataset,465.3082,4.0784,20.0,0.25,20,52.278557362324584,99.3913639027778,72,3,0,100,12
tsm,stadv_target_no_defence_non-adaptive,Kinetics400Dataset,1106.7387,10.52,20.0,0.25,20,46.11854939804793,99.22361777611943,67,0,0,100,12
uniformerv2,stadv_target_no_defence_non-adaptive,Kinetics400Dataset,867.046,7.9702,20.0,0.25,20,45.360594951772434,96.13482222727272,88,0,0,100,12
amd,stadv_target_no_defence_non-adaptive,Kinetics400Dataset,1158.1684,10.8153,20.0,0.25,20,45.21160012094816,95.73627373749997,80,10,0,100,12
slowonly,stadv_target_no_defence_non-adaptive,Kinetics400Dataset,2604.7402,25.1468,20.0,0.25,20,53.3815130893027,99.44261590697673,43,0,0,100,12
c2d,stadv_target_no_defence_non-adaptive,Kinetics400Dataset,1384.8058,12.8788,20.0,0.25,20,47.59269715097534,99.17206532467534,77,5,1,100,12
tadaformer,stadv_target_no_defence_non-adaptive,Kinetics400Dataset,3006.7449,29.2106,20.0,0.25,20,48.546801626498244,97.49941092941177,85,4,0,100,12
tpn,stadv_target_no_defence_non-adaptive,Kinetics400Dataset,1799.4057,17.089,20.0,0.25,20,47.4394756474894,99.17402459154928,71,1,0,100,12
videomae,stadv_target_no_defence_non-adaptive,Kinetics400Dataset,2013.925,19.1512,20.0,0.25,20,44.71023828919048,97.86157057142857,84,7,0,100,12
videomaev2,stadv_target_no_defence_non-adaptive,Kinetics400Dataset,2022.6527,19.2565,20.0,0.25,20,46.89737403118493,98.27146301111108,90,9,1,100,12
r2plus1d,stadv_target_no_defence_non-adaptive,Kinetics400Dataset,1545.5655,14.5878,20.0,0.25,20,47.93225162209116,99.2753865384615,52,14,4,100,12
tanet,stadv_target_no_defence_non-adaptive,Kinetics400Dataset,2120.4603,20.3368,20.0,0.25,20,47.11040306293381,98.98330826470587,68,4,0,100,12
uniformer,stadv_target_no_defence_non-adaptive,Kinetics400Dataset,1858.2386,17.3374,20.0,0.25,20,49.85870117333425,99.00020502469135,81,11,0,100,12
onepeace,stadv_target_no_defence_non-adaptive,Kinetics400Dataset,5596.9552,55.3763,20.0,0.25,20,47.779224922937736,99.02883798630138,73,12,0,100,12
mvitv2,stadv_target_no_defence_non-adaptive,Kinetics400Dataset,2087.8732,19.198,20.0,0.25,20,48.413698027654625,98.63340497530866,81,8,0,100,12
videoswin,stadv_target_no_defence_non-adaptive,Kinetics400Dataset,4608.5887,44.9671,20.0,0.25,20,47.40527025244525,96.76639030864202,81,3,0,100,12
actionclip,stadv_target_no_defence_non-adaptive,Kinetics400Dataset,464.6285,3.9716,20.0,0.25,20,47.108887074417225,97.03277062686566,67,20,3,100,12
timesformer,stadv_target_rotate_adaptive,Kinetics400Dataset,326.974,2.8456,20.0,0.25,20,50.46343737886994,98.84827893055554,72,10,0,100,12
tsmnonlocal,stadv_target_rotate_adaptive,Kinetics400Dataset,854.7513,8.0413,20.0,0.25,20,50.29351874862075,99.14120669811321,53,12,0,100,12
ila,stadv_target_rotate_adaptive,Kinetics400Dataset,843.1043,7.8945,20.0,0.25,20,50.81439500666436,99.10028627142857,70,3,0,100,12
tsn,stadv_target_rotate_adaptive,Kinetics400Dataset,505.1053,4.5452,20.0,0.25,20,54.69063799259028,99.351443671875,64,3,0,100,12
tsm,stadv_target_rotate_adaptive,Kinetics400Dataset,1099.3248,10.5319,20.0,0.25,20,50.96949295598136,99.43786850877194,57,5,0,100,12
uniformerv2,stadv_target_rotate_adaptive,Kinetics400Dataset,915.0536,8.4664,20.0,0.25,20,50.55711426274999,97.73994551764707,85,3,0,100,12
amd,stadv_target_rotate_adaptive,Kinetics400Dataset,1198.1628,11.2206,20.0,0.25,20,50.838223813527904,97.5744898831169,77,4,0,100,12
c2d,stadv_target_rotate_adaptive,Kinetics400Dataset,1433.0162,13.3867,20.0,0.25,20,51.31456963385578,99.31868860937502,64,4,0,100,12
tpn,stadv_target_rotate_adaptive,Kinetics400Dataset,1836.2868,17.2072,20.0,0.25,20,50.89131606875189,99.23646596721314,61,9,0,100,12
videomaev2,stadv_target_rotate_adaptive,Kinetics400Dataset,2064.1016,19.7125,20.0,0.25,20,51.713157869678795,99.04717435555558,90,3,0,100,12
videomae,stadv_target_rotate_adaptive,Kinetics400Dataset,2065.5597,19.6173,20.0,0.25,20,51.086607531762866,98.99744152380951,84,1,0,100,12
slowonly,stadv_target_rotate_adaptive,Kinetics400Dataset,2685.7661,26.0942,20.0,0.25,20,55.58908463017273,99.35673129411765,34,11,0,100,12
tadaformer,stadv_target_rotate_adaptive,Kinetics400Dataset,3099.0118,30.1829,20.0,0.25,20,52.03729616476071,98.15143916279071,86,1,0,100,12
onepeace,stadv_target_rotate_adaptive,Kinetics400Dataset,5646.6899,55.9845,20.0,0.25,20,52.45942691401227,99.27893291780822,73,8,0,100,12
r2plus1d,stadv_target_rotate_adaptive,Kinetics400Dataset,1602.7736,15.0029,20.0,0.25,20,51.302680675842964,99.25109947826088,46,12,0,100,12
uniformer,stadv_target_rotate_adaptive,Kinetics400Dataset,1993.3913,18.6794,20.0,0.25,20,52.910201621407815,99.17190674999998,80,3,0,100,12
tanet,stadv_target_rotate_adaptive,Kinetics400Dataset,2175.006,21.0602,20.0,0.25,20,51.60687529730402,99.24993877777777,54,8,0,100,12
mvitv2,stadv_target_rotate_adaptive,Kinetics400Dataset,2281.0465,21.2167,20.0,0.25,20,52.86567476709068,99.14486065000001,80,1,0,100,12
videoswin,stadv_target_rotate_adaptive,Kinetics400Dataset,4542.3145,44.3288,20.0,0.25,20,51.75795042895061,98.77739703947366,76,2,0,100,12
actionclip,stadv_target_rotate_adaptive,Kinetics400Dataset,484.7854,4.2475,20.0,0.25,20,52.705013114388116,98.08598489855075,69,3,0,100,12
timesformer,stadv_target_shuffle_adaptive,Kinetics400Dataset,362.8851,3.1851,20.0,0.25,20,46.04085343511047,98.09661833766232,77,14,0,100,12
tsn,stadv_target_shuffle_adaptive,Kinetics400Dataset,556.7713,5.0145,20.0,0.25,20,52.27635130601467,99.39135886111113,72,3,0,100,12
ila,stadv_target_shuffle_adaptive,Kinetics400Dataset,832.9404,7.8953,19.96,0.25,20,47.24133248565575,98.89344292682925,82,18,14,100,12
tsmnonlocal,stadv_target_shuffle_adaptive,Kinetics400Dataset,856.1472,8.0569,20.0,0.25,20,46.229604246056766,98.96127182258063,62,3,0,100,12
uniformerv2,stadv_target_shuffle_adaptive,Kinetics400Dataset,879.5803,8.1069,20.0,0.25,20,46.12818259419027,96.39945313636362,88,2,1,100,12
tsm,stadv_target_shuffle_adaptive,Kinetics400Dataset,1103.492,10.4781,20.0,0.25,20,46.118284748934535,99.22280334328357,67,0,0,100,12
amd,stadv_target_shuffle_adaptive,Kinetics400Dataset,1221.6831,11.4033,20.0,0.25,20,47.42531156766274,96.56623101265819,79,3,0,100,12
tadaformer,stadv_target_shuffle_adaptive,Kinetics400Dataset,3156.6845,30.6934,20.0,0.25,20,49.777294705106286,97.70988368604651,86,5,0,100,12
videomae,stadv_target_shuffle_adaptive,Kinetics400Dataset,2100.2439,20.0149,20.0,0.25,20,47.45747477378156,98.3952864074074,81,3,0,100,12
tpn,stadv_target_shuffle_adaptive,Kinetics400Dataset,1883.9138,17.9593,20.0,0.25,20,49.167843808502155,99.24809610000003,70,1,0,100,12
slowonly,stadv_target_shuffle_adaptive,Kinetics400Dataset,2744.4791,26.6209,20.0,0.25,20,56.84458189978235,99.42772364285713,42,0,0,100,12
c2d,stadv_target_shuffle_adaptive,Kinetics400Dataset,1463.8059,13.7014,20.0,0.25,20,48.81641615474567,99.18574252,75,6,0,100,12
r2plus1d,stadv_target_shuffle_adaptive,Kinetics400Dataset,1649.9651,15.5619,20.0,0.25,20,49.86386860620231,99.39997928301887,53,9,0,100,12
onepeace,stadv_target_shuffle_adaptive,Kinetics400Dataset,5619.1341,55.6072,20.0,0.25,20,49.19904918316551,99.08088073333333,75,22,0,100,12
videomaev2,stadv_target_shuffle_adaptive,Kinetics400Dataset,2094.2347,19.9795,20.0,0.25,20,50.00941462638698,98.70566494318187,88,4,0,100,12
tanet,stadv_target_shuffle_adaptive,Kinetics400Dataset,2323.7353,22.3951,20.0,0.25,20,47.10998642651122,98.98373830882349,68,4,0,100,12
uniformer,stadv_target_shuffle_adaptive,Kinetics400Dataset,2064.4382,19.3422,20.0,0.25,20,52.73230258686075,99.1385078271605,81,6,0,100,12
mvitv2,stadv_target_shuffle_adaptive,Kinetics400Dataset,2386.9022,22.2517,20.0,0.25,20,51.48013674395919,98.81414246913582,81,5,0,100,12
videoswin,stadv_target_shuffle_adaptive,Kinetics400Dataset,4907.8512,48.0931,20.0,0.25,20,49.483883778861475,98.39406494999999,80,3,0,100,12
actionclip,stadv_target_shuffle_adaptive,Kinetics400Dataset,522.529,4.5409,20.0,0.25,20,48.00649374321682,97.25725868656721,67,19,2,100,12
timesformer,stadv_target_temporal_median_adaptive,Kinetics400Dataset,459.0707,4.1322,20.0,0.25,20,45.2664189256138,97.93067346478873,71,16,1,100,12
tsn,stadv_target_temporal_median_adaptive,Kinetics400Dataset,561.9599,5.098,20.0,0.25,20,52.27364024237927,99.39129055555559,72,3,0,100,12
ila,stadv_target_temporal_median_adaptive,Kinetics400Dataset,864.1654,8.2134,19.96,0.25,20,47.237284582552846,98.894006402439,82,18,14,100,12
tsmnonlocal,stadv_target_temporal_median_adaptive,Kinetics400Dataset,884.915,8.35,20.0,0.25,20,45.93514832954018,98.88951812500001,64,6,1,100,12
tsm,stadv_target_temporal_median_adaptive,Kinetics400Dataset,1116.7318,10.642,20.0,0.25,20,46.118767649968824,99.22307635820896,67,0,0,100,12
uniformerv2,stadv_target_temporal_median_adaptive,Kinetics400Dataset,1483.5713,14.5291,20.0,0.25,20,45.62603010814795,96.25583047126436,87,3,1,100,12
amd,stadv_target_temporal_median_adaptive,Kinetics400Dataset,2066.096,20.1432,20.0,0.25,20,45.40719914311352,95.85115997435898,78,9,1,100,12
slowonly,stadv_target_temporal_median_adaptive,Kinetics400Dataset,3188.1934,32.6823,20.0,0.25,20,45.03631377705947,99.42234432258064,31,0,0,100,12
videomae,stadv_target_temporal_median_adaptive,Kinetics400Dataset,2919.9511,29.2382,20.0,0.25,20,45.46401598310037,97.96053832876713,73,9,1,100,12
tadaformer,stadv_target_temporal_median_adaptive,Kinetics400Dataset,4205.5347,42.0117,20.0,0.25,20,48.75279905791166,97.48081609523811,84,6,2,100,12
tpn,stadv_target_temporal_median_adaptive,Kinetics400Dataset,2510.389,25.8095,20.0,0.25,20,47.75306250743449,99.12884798333334,60,2,0,100,12
onepeace,stadv_target_temporal_median_adaptive,Kinetics400Dataset,5949.779,59.1265,19.95,0.25,20,48.5018030510219,98.93139149230768,65,21,2,100,12
videomaev2,stadv_target_temporal_median_adaptive,Kinetics400Dataset,2924.7633,28.6441,20.0,0.25,20,47.080298064704266,98.29695682022471,89,10,2,100,12
c2d,stadv_target_temporal_median_adaptive,Kinetics400Dataset,2184.5851,21.7721,20.0,0.25,20,47.29495545874438,99.04047186956522,69,5,1,100,12
r2plus1d,stadv_target_temporal_median_adaptive,Kinetics400Dataset,2388.7654,23.9899,20.0,0.25,20,47.857290804914314,98.93972353191486,47,13,6,100,12
tanet,stadv_target_temporal_median_adaptive,Kinetics400Dataset,2243.8438,21.6703,20.0,0.25,20,47.11050333160472,98.98412567647055,68,4,0,100,12
uniformer,stadv_target_temporal_median_adaptive,Kinetics400Dataset,290.9245,41.4271,20.0,0.25,20,50.154531178862335,96.4582904197531,81,21,5,100,12
videoswin,stadv_target_temporal_median_adaptive,Kinetics400Dataset,6378.3556,63.8745,20.0,0.25,20,47.59475154103552,98.05849015,80,3,1,100,12
mvitv2,stadv_target_temporal_median_adaptive,Kinetics400Dataset,5166.6129,52.5616,20.0,0.25,20,49.3333491535271,97.37344202597404,77,8,1,100,12
actionclip,stadv_target_temporal_median_adaptive,Kinetics400Dataset,1134.0492,11.4471,20.0,0.25,20,47.73609299820874,97.00354107936509,63,16,3,100,12
timesformer,zhang_dists_target_crop_resize_adaptive,Kinetics400Dataset,307.7172,2.5449,20.0,8.0,20,52.982476140323776,74.74359751425995,77,0,0,100,12
tsmnonlocal,zhang_dists_target_crop_resize_adaptive,Kinetics400Dataset,560.8317,5.0592,20.0,8.0,20,52.72925822287609,74.8072183470339,66,2,0,100,12
ila,zhang_dists_target_crop_resize_adaptive,Kinetics400Dataset,653.5248,6.0472,20.0,8.0,20,53.09824611414299,99.48407516049382,81,5,0,100,12
tsn,zhang_dists_target_crop_resize_adaptive,Kinetics400Dataset,511.2199,4.4914,20.0,8.0,20,54.57969804299382,99.53981975362322,69,4,0,100,12
tsm,zhang_dists_target_crop_resize_adaptive,Kinetics400Dataset,814.9542,7.5462,20.0,8.0,20,52.650451409967566,99.70561716666666,66,1,0,100,12
uniformerv2,zhang_dists_target_crop_resize_adaptive,Kinetics400Dataset,1114.8029,10.3997,20.0,8.0,20,53.14480240053652,98.8544811724138,87,1,0,100,12
amd,zhang_dists_target_crop_resize_adaptive,Kinetics400Dataset,1462.7858,13.8163,20.0,8.0,20,53.21742074150827,98.79685123376622,77,4,0,100,12
slowonly,zhang_dists_target_crop_resize_adaptive,Kinetics400Dataset,2136.92,20.0578,20.0,8.0,20,51.38221214164603,99.52290558139538,43,1,0,100,12
tpn,zhang_dists_target_crop_resize_adaptive,Kinetics400Dataset,1826.7509,17.111,20.0,8.0,20,52.93365554961506,99.61944809589043,73,3,0,100,12
onepeace,zhang_dists_target_crop_resize_adaptive,Kinetics400Dataset,3797.4439,37.3333,20.0,8.0,20,53.893273260052275,99.53037585135138,74,1,0,100,12
videomae,zhang_dists_target_crop_resize_adaptive,Kinetics400Dataset,2182.0615,20.8459,20.0,8.0,20,53.15192538083012,99.46396216867466,83,2,0,100,12
videomaev2,zhang_dists_target_crop_resize_adaptive,Kinetics400Dataset,2193.6352,20.8941,20.0,8.0,20,53.17245163344197,99.40444251648351,91,4,0,100,12
tadaformer,zhang_dists_target_crop_resize_adaptive,Kinetics400Dataset,3574.6945,34.7834,20.0,8.0,20,53.18535217929347,96.68919963953488,86,1,0,100,12
c2d,zhang_dists_target_crop_resize_adaptive,Kinetics400Dataset,1612.7305,15.0633,20.0,8.0,20,53.06463526526372,99.67487339189188,74,3,0,100,12
r2plus1d,zhang_dists_target_crop_resize_adaptive,Kinetics400Dataset,1822.7191,17.2859,20.0,8.0,20,53.20602191438104,99.75607856862749,51,5,0,100,12
tanet,zhang_dists_target_crop_resize_adaptive,Kinetics400Dataset,1943.8867,18.0691,20.0,8.0,20,52.947755403618636,99.59624755072464,69,7,0,100,12
uniformer,zhang_dists_target_crop_resize_adaptive,Kinetics400Dataset,2868.2103,27.4499,20.0,8.0,20,54.306969214099,98.31386970370369,81,5,0,100,12
videoswin,zhang_dists_target_crop_resize_adaptive,Kinetics400Dataset,3925.9657,37.6171,20.0,8.0,20,53.25419251137379,96.8411352620613,80,2,0,100,12
mvitv2,zhang_dists_target_crop_resize_adaptive,Kinetics400Dataset,3769.9793,36.3124,20.0,8.0,20,54.342430977487986,99.47851100000003,82,3,0,100,12
actionclip,zhang_dists_target_crop_resize_adaptive,Kinetics400Dataset,667.1687,5.8887,20.0,8.0,20,54.4234287797453,98.9103847142857,70,5,0,100,12
timesformer,zhang_dists_target_flip_adaptive,Kinetics400Dataset,300.5649,2.5645,20.0,8.0,20,53.70864261503782,99.35871545569623,79,9,0,100,12
tsmnonlocal,zhang_dists_target_flip_adaptive,Kinetics400Dataset,554.6806,4.9895,20.0,8.0,20,53.363727294371635,97.813602147541,61,3,0,100,12
ila,zhang_dists_target_flip_adaptive,Kinetics400Dataset,651.8584,6.043,20.0,8.0,20,54.51906954037092,99.5002703703704,81,9,2,100,12
tsm,zhang_dists_target_flip_adaptive,Kinetics400Dataset,821.1478,7.5644,20.0,8.0,20,53.207200242482195,83.19940589794435,65,2,0,100,12
tsn,zhang_dists_target_flip_adaptive,Kinetics400Dataset,499.4087,4.3922,20.0,8.0,20,55.50020450980971,99.5423243030303,66,4,0,100,12
uniformerv2,zhang_dists_target_flip_adaptive,Kinetics400Dataset,1100.4487,10.2731,20.0,8.0,20,54.128415010378696,97.78255952808986,89,5,0,100,12
amd,zhang_dists_target_flip_adaptive,Kinetics400Dataset,1456.8302,13.6908,20.0,8.0,20,54.345092188657226,98.79773275949366,79,25,13,100,12
slowonly,zhang_dists_target_flip_adaptive,Kinetics400Dataset,2123.5134,19.794,20.0,8.0,20,51.44423768671295,97.07839939534884,43,0,0,100,12
onepeace,zhang_dists_target_flip_adaptive,Kinetics400Dataset,3775.1216,37.0913,20.0,8.0,20,54.84062058953705,99.75022295945945,74,18,0,100,12
videomae,zhang_dists_target_flip_adaptive,Kinetics400Dataset,2183.9377,20.7615,20.0,8.0,20,54.092818497292356,95.26812676247155,84,20,6,100,12
tpn,zhang_dists_target_flip_adaptive,Kinetics400Dataset,1803.3515,16.8219,20.0,8.0,20,53.59401104815518,99.69063100000002,73,4,0,100,12
tadaformer,zhang_dists_target_flip_adaptive,Kinetics400Dataset,3554.2431,34.5972,20.0,8.0,20,54.51006682774623,97.8169459310345,87,5,0,100,12
videomaev2,zhang_dists_target_flip_adaptive,Kinetics400Dataset,2178.8519,20.6522,20.0,8.0,20,54.42674147073172,95.22540063428342,91,10,2,100,12
c2d,zhang_dists_target_flip_adaptive,Kinetics400Dataset,1623.3711,14.7482,20.0,8.0,20,54.00390404981319,95.35079683720701,74,8,0,100,12
r2plus1d,zhang_dists_target_flip_adaptive,Kinetics400Dataset,1844.5933,17.2361,20.0,8.0,20,54.22744155885361,95.31620453182677,57,32,0,100,12
tanet,zhang_dists_target_flip_adaptive,Kinetics400Dataset,1920.86,17.8131,20.0,8.0,20,53.90314416983055,99.62597889393936,66,17,0,100,12
uniformer,zhang_dists_target_flip_adaptive,Kinetics400Dataset,2850.8734,27.1007,20.0,8.0,20,55.75487804296566,99.51063254320988,81,13,0,100,12
videoswin,zhang_dists_target_flip_adaptive,Kinetics400Dataset,3882.2894,37.382,20.0,8.0,20,54.278546400129144,99.34084695,80,8,2,100,12
mvitv2,zhang_dists_target_flip_adaptive,Kinetics400Dataset,3744.8595,36.0978,20.0,8.0,20,55.67088395914783,98.20199841463412,82,11,0,100,12
actionclip,zhang_dists_target_flip_adaptive,Kinetics400Dataset,661.2826,5.8452,20.0,8.0,20,55.585005111669666,98.99030714705877,68,8,0,100,12
timesformer,zhang_dists_target_gaussian_blur_adaptive,Kinetics400Dataset,383.2098,3.3171,20.0,8.0,20,51.949162971607834,74.72776300556781,74,7,0,100,12
tsmnonlocal,zhang_dists_target_gaussian_blur_adaptive,Kinetics400Dataset,599.482,5.4117,20.0,8.0,20,52.29611548544126,99.51809593442623,61,6,0,100,12
ila,zhang_dists_target_gaussian_blur_adaptive,Kinetics400Dataset,673.6864,6.2734,20.0,8.0,20,52.480457317681314,99.502042109589,73,8,0,100,12
tsm,zhang_dists_target_gaussian_blur_adaptive,Kinetics400Dataset,953.8373,8.9931,20.0,8.0,20,52.141992072697825,83.18252526484955,54,5,0,100,12
tsn,zhang_dists_target_gaussian_blur_adaptive,Kinetics400Dataset,769.7866,7.1512,20.0,8.0,20,54.74352083793109,99.55196973437499,64,9,0,100,12
uniformerv2,zhang_dists_target_gaussian_blur_adaptive,Kinetics400Dataset,1435.93,13.7798,20.0,8.0,20,52.28381790274978,89.52258548067732,79,4,0,100,12
amd,zhang_dists_target_gaussian_blur_adaptive,Kinetics400Dataset,1964.2984,18.9851,20.0,8.0,20,52.43610059839414,98.64366420270272,74,10,0,100,12
onepeace,zhang_dists_target_gaussian_blur_adaptive,Kinetics400Dataset,3893.1586,38.4987,20.0,8.0,20,53.74141005771066,98.07960345588236,68,8,0,100,12
tadaformer,zhang_dists_target_gaussian_blur_adaptive,Kinetics400Dataset,3969.7122,38.8865,20.0,8.0,20,52.62284396124614,98.95346265432096,81,2,0,100,12
videomae,zhang_dists_target_gaussian_blur_adaptive,Kinetics400Dataset,3059.625,29.5506,20.0,8.0,20,52.28381532939243,99.59269173076922,78,9,0,100,12
slowonly,zhang_dists_target_gaussian_blur_adaptive,Kinetics400Dataset,3065.2327,30.9353,20.0,8.0,20,51.65304415257843,95.35823775346068,43,6,0,100,12
tpn,zhang_dists_target_gaussian_blur_adaptive,Kinetics400Dataset,2743.238,26.8122,20.0,8.0,20,52.57749346926757,95.33397242182691,63,3,0,100,12
c2d,zhang_dists_target_gaussian_blur_adaptive,Kinetics400Dataset,2477.4817,24.7608,20.0,8.0,20,52.718902177833385,99.82208393442623,61,4,0,100,12
r2plus1d,zhang_dists_target_gaussian_blur_adaptive,Kinetics400Dataset,2686.9384,27.4573,20.0,8.0,20,52.69608495708989,99.77814442857141,42,12,0,100,12
tanet,zhang_dists_target_gaussian_blur_adaptive,Kinetics400Dataset,2865.1595,28.0761,20.0,8.0,20,52.64389870992124,99.57057555932205,59,11,0,100,12
uniformer,zhang_dists_target_gaussian_blur_adaptive,Kinetics400Dataset,4460.8952,43.7358,20.0,8.0,20,53.93595935351222,99.44468581707316,82,9,0,100,12
videoswin,zhang_dists_target_gaussian_blur_adaptive,Kinetics400Dataset,4037.8793,53.8181,20.0,8.0,20,52.46559657226695,99.45073474999998,76,3,0,100,12
mvitv2,zhang_dists_target_gaussian_blur_adaptive,Kinetics400Dataset,6059.5687,60.2314,20.0,8.0,20,54.02132148275039,97.39112574823999,78,7,0,100,12
videomaev2,zhang_dists_target_gaussian_blur_adaptive,Kinetics400Dataset,3042.4757,29.5445,20.0,8.0,20,52.58240738517203,99.56382275581394,86,7,0,100,12
actionclip,zhang_dists_target_gaussian_blur_adaptive,Kinetics400Dataset,993.6065,9.4595,20.0,8.0,20,54.33451432866015,98.80740833333336,63,6,0,100,12
timesformer,zhang_dists_target_no_defence_non-adaptive,Kinetics400Dataset,310.245,2.6408,20.0,8.0,20,53.70363237995238,74.753589743448,79,10,0,100,12
tsmnonlocal,zhang_dists_target_no_defence_non-adaptive,Kinetics400Dataset,555.7245,5.0017,20.0,8.0,20,53.317627893611395,96.3837727384615,65,4,0,100,12
ila,zhang_dists_target_no_defence_non-adaptive,Kinetics400Dataset,652.5222,6.0348,20.0,8.0,20,54.35208522532092,98.28826395121953,82,6,0,100,12
tsm,zhang_dists_target_no_defence_non-adaptive,Kinetics400Dataset,812.9187,7.512,20.0,8.0,20,53.233710316124515,96.73569320895523,67,3,0,100,12
tsn,zhang_dists_target_no_defence_non-adaptive,Kinetics400Dataset,496.5098,4.3301,20.0,8.0,20,55.43739923322635,99.54810416666668,72,7,0,100,12
uniformerv2,zhang_dists_target_no_defence_non-adaptive,Kinetics400Dataset,1104.9154,10.2811,20.0,8.0,20,54.06302529896937,89.56650159551806,88,5,0,100,12
amd,zhang_dists_target_no_defence_non-adaptive,Kinetics400Dataset,1446.5479,13.6711,20.0,8.0,20,54.355521254208405,98.81897253749996,80,21,9,100,12
slowonly,zhang_dists_target_no_defence_non-adaptive,Kinetics400Dataset,2119.6249,19.7182,20.0,8.0,20,51.439726411067035,99.40343872093025,43,1,0,100,12
onepeace,zhang_dists_target_no_defence_non-adaptive,Kinetics400Dataset,3804.1912,37.3174,20.0,8.0,20,54.7567059408801,89.85677675179842,73,12,0,100,12
tpn,zhang_dists_target_no_defence_non-adaptive,Kinetics400Dataset,1799.3282,16.7898,20.0,8.0,20,53.71554820442434,96.80674563380283,71,3,0,100,12
videomae,zhang_dists_target_no_defence_non-adaptive,Kinetics400Dataset,2163.8082,20.6334,20.0,8.0,20,54.09728215944739,98.29015078571426,84,18,4,100,12
tadaformer,zhang_dists_target_no_defence_non-adaptive,Kinetics400Dataset,3539.611,34.3946,20.0,8.0,20,54.54989214830977,99.03621457647053,85,3,0,100,12
c2d,zhang_dists_target_no_defence_non-adaptive,Kinetics400Dataset,1587.3906,14.7395,20.0,8.0,20,53.92818921670335,98.39584011688312,77,8,0,100,12
videomaev2,zhang_dists_target_no_defence_non-adaptive,Kinetics400Dataset,2156.9626,20.5911,20.0,8.0,20,54.44306211264293,99.47972747777777,90,11,1,100,12
r2plus1d,zhang_dists_target_no_defence_non-adaptive,Kinetics400Dataset,1795.3209,16.8887,20.0,8.0,20,54.315517343862,97.85300773076924,52,19,0,100,12
tanet,zhang_dists_target_no_defence_non-adaptive,Kinetics400Dataset,1912.1163,17.7958,20.0,8.0,20,53.89149308616287,99.60933664705881,68,12,0,100,12
uniformer,zhang_dists_target_no_defence_non-adaptive,Kinetics400Dataset,2840.1503,27.1325,20.0,8.0,20,55.722277473441984,99.55452893827163,81,14,1,100,12
videoswin,zhang_dists_target_no_defence_non-adaptive,Kinetics400Dataset,3876.1796,37.1375,20.0,8.0,20,54.2733198698265,96.84741355897889,81,11,3,100,12
mvitv2,zhang_dists_target_no_defence_non-adaptive,Kinetics400Dataset,2438.0533,36.1108,20.0,8.0,20,55.715112604793525,99.4890009753086,81,12,0,100,12
actionclip,zhang_dists_target_no_defence_non-adaptive,Kinetics400Dataset,657.9201,5.7666,20.0,8.0,20,55.486980692604526,98.93302664179109,67,7,0,100,12
timesformer,zhang_dists_target_rotate_adaptive,Kinetics400Dataset,310.9517,2.6671,20.0,8.0,20,53.41044656753757,99.33801185915497,71,7,0,100,12
tsmnonlocal,zhang_dists_target_rotate_adaptive,Kinetics400Dataset,565.6752,5.0838,20.0,8.0,20,53.071124673629946,99.40692867272729,55,9,0,100,12
ila,zhang_dists_target_rotate_adaptive,Kinetics400Dataset,662.4888,6.0523,20.0,8.0,20,53.351117296701524,99.44888884210529,76,9,0,100,12
tsm,zhang_dists_target_rotate_adaptive,Kinetics400Dataset,838.4985,7.7175,20.0,8.0,20,53.09498592952617,83.17398432574352,57,3,0,100,12
tsn,zhang_dists_target_rotate_adaptive,Kinetics400Dataset,529.0207,4.7395,20.0,8.0,20,54.49086148506722,99.52694512698412,63,3,0,100,12
uniformerv2,zhang_dists_target_rotate_adaptive,Kinetics400Dataset,1135.6192,10.605,20.0,8.0,20,53.43437758166726,96.54890343023254,86,3,0,100,12
amd,zhang_dists_target_rotate_adaptive,Kinetics400Dataset,1498.0937,14.1077,20.0,8.0,20,53.37555331209775,98.77680175641024,78,4,0,100,12
slowonly,zhang_dists_target_rotate_adaptive,Kinetics400Dataset,2215.9168,20.7915,20.0,8.0,20,51.57198523567633,95.34549200299023,34,6,0,100,12
videomae,zhang_dists_target_rotate_adaptive,Kinetics400Dataset,2243.9232,21.5169,20.0,8.0,20,53.40221821308898,99.4538529638554,83,2,0,100,12
c2d,zhang_dists_target_rotate_adaptive,Kinetics400Dataset,1676.6294,15.4601,20.0,8.0,20,53.29617051560939,98.1289776818182,66,6,0,100,12
onepeace,zhang_dists_target_rotate_adaptive,Kinetics400Dataset,3842.5897,37.7013,20.0,8.0,20,53.9415381340632,99.59061906944439,72,4,0,100,12
tpn,zhang_dists_target_rotate_adaptive,Kinetics400Dataset,1902.975,17.4332,20.0,8.0,20,53.217385284252195,95.33601453013807,65,9,0,100,12
tadaformer,zhang_dists_target_rotate_adaptive,Kinetics400Dataset,3611.7077,35.1972,20.0,8.0,20,53.445772874457326,97.83943615294118,85,0,0,100,12
videomaev2,zhang_dists_target_rotate_adaptive,Kinetics400Dataset,2247.7374,21.4499,20.0,8.0,20,53.462049093715166,99.51256394186046,86,2,0,100,12
r2plus1d,zhang_dists_target_rotate_adaptive,Kinetics400Dataset,1879.5464,17.451,20.0,8.0,20,53.398936959807216,99.5510864347826,46,10,0,100,12
tanet,zhang_dists_target_rotate_adaptive,Kinetics400Dataset,2017.1228,18.5426,20.0,8.0,20,53.261499017482905,95.33469288244997,61,9,0,100,12
uniformer,zhang_dists_target_rotate_adaptive,Kinetics400Dataset,2972.7542,28.3952,20.0,8.0,20,54.27863531354156,99.54466009999994,80,3,0,100,12
videoswin,zhang_dists_target_rotate_adaptive,Kinetics400Dataset,4004.0937,38.4651,20.0,8.0,20,53.46290969587556,96.88458473625052,78,7,0,100,12
mvitv2,zhang_dists_target_rotate_adaptive,Kinetics400Dataset,3893.0535,37.5578,20.0,8.0,20,54.37899747477685,99.4680668375,80,2,0,100,12
actionclip,zhang_dists_target_rotate_adaptive,Kinetics400Dataset,242.2925,6.2716,20.0,8.0,20,54.487296688291195,98.8896091884058,69,8,0,100,12
timesformer,zhang_dists_target_shuffle_adaptive,Kinetics400Dataset,310.5911,2.6762,20.0,8.0,20,53.99009964231623,99.34617774025975,77,10,0,100,12
tsmnonlocal,zhang_dists_target_shuffle_adaptive,Kinetics400Dataset,564.3466,5.0981,20.0,8.0,20,53.360613428165436,99.51921312500001,64,3,0,100,12
ila,zhang_dists_target_shuffle_adaptive,Kinetics400Dataset,661.774,6.1495,20.0,8.0,20,54.350526821503145,99.48609175609758,82,6,0,100,12
tsn,zhang_dists_target_shuffle_adaptive,Kinetics400Dataset,594.5666,5.322,20.0,8.0,20,55.43739923322635,99.54810416666668,72,7,0,100,12
uniformerv2,zhang_dists_target_shuffle_adaptive,Kinetics400Dataset,1157.7133,10.8454,20.0,8.0,20,54.20003374309579,98.88696095454543,88,4,0,100,12
amd,zhang_dists_target_shuffle_adaptive,Kinetics400Dataset,1531.228,14.4933,20.0,8.0,20,54.42832057208824,98.85557808641974,81,6,1,100,12
onepeace,zhang_dists_target_shuffle_adaptive,Kinetics400Dataset,3790.6002,37.2734,20.0,8.0,20,55.06783696526955,99.59124481081079,74,16,0,100,12
slowonly,zhang_dists_target_shuffle_adaptive,Kinetics400Dataset,2283.7097,21.4892,20.0,8.0,20,51.7983385362906,97.011324,42,1,0,100,12
tsm,zhang_dists_target_shuffle_adaptive,Kinetics400Dataset,867.2435,8.0199,20.0,8.0,20,53.23287104024722,83.17912927893825,67,3,0,100,12
videomae,zhang_dists_target_shuffle_adaptive,Kinetics400Dataset,2305.9444,22.0766,20.0,8.0,20,54.43301573456546,99.48710024096383,83,8,0,100,12
tadaformer,zhang_dists_target_shuffle_adaptive,Kinetics400Dataset,3630.4538,35.4483,20.0,8.0,20,54.75849894464383,99.06144240909089,88,1,0,100,12
tpn,zhang_dists_target_shuffle_adaptive,Kinetics400Dataset,1971.2134,18.5683,20.0,8.0,20,54.05707599317849,98.1572196521739,69,1,0,100,12
c2d,zhang_dists_target_shuffle_adaptive,Kinetics400Dataset,1764.8723,16.4032,20.0,8.0,20,54.0631542626865,99.61147319178082,73,1,0,100,12
videomaev2,zhang_dists_target_shuffle_adaptive,Kinetics400Dataset,2340.8535,22.198,20.0,8.0,20,54.64960939446059,95.28226396848473,90,3,1,100,12
r2plus1d,zhang_dists_target_shuffle_adaptive,Kinetics400Dataset,1969.0905,18.9205,20.0,8.0,20,54.57680337781662,99.76462070588234,51,6,0,100,12
tanet,zhang_dists_target_shuffle_adaptive,Kinetics400Dataset,2422.7209,23.0857,20.0,8.0,20,53.89093063781111,95.34509743352162,68,12,0,100,12
uniformer,zhang_dists_target_shuffle_adaptive,Kinetics400Dataset,3076.1735,29.5053,20.0,8.0,20,55.87440846908943,99.55241511111109,81,7,0,100,12
videoswin,zhang_dists_target_shuffle_adaptive,Kinetics400Dataset,4151.9125,40.0098,20.0,8.0,20,54.46499963313688,96.87925960299445,80,2,0,100,12
mvitv2,zhang_dists_target_shuffle_adaptive,Kinetics400Dataset,4044.0864,38.9352,20.0,8.0,20,55.84883465274597,99.39747553012049,83,3,0,100,12
actionclip,zhang_dists_target_shuffle_adaptive,Kinetics400Dataset,714.5052,6.3887,20.0,8.0,20,55.59134382719054,98.92220153030304,66,5,0,100,12
timesformer,zhang_dists_target_temporal_median_adaptive,Kinetics400Dataset,435.2961,3.8712,20.0,8.0,20,54.41855070702119,74.75241922882385,71,8,0,100,12
tsmnonlocal,zhang_dists_target_temporal_median_adaptive,Kinetics400Dataset,595.634,5.4194,20.0,8.0,20,53.3975036564813,99.50389798387096,62,3,0,100,12
ila,zhang_dists_target_temporal_median_adaptive,Kinetics400Dataset,688.2174,6.4218,20.0,8.0,20,54.35833347212626,99.48618334146343,82,6,0,100,12
tsm,zhang_dists_target_temporal_median_adaptive,Kinetics400Dataset,894.626,8.4127,20.0,8.0,20,53.23704954492338,99.71566947761194,67,3,0,100,12
tsn,zhang_dists_target_temporal_median_adaptive,Kinetics400Dataset,629.4201,5.7038,20.0,8.0,20,55.43881205727269,98.16067037500001,72,7,0,100,12
uniformerv2,zhang_dists_target_temporal_median_adaptive,Kinetics400Dataset,1715.8518,16.8251,20.0,8.0,20,54.57179422583891,97.74189096551721,87,3,0,100,12
onepeace,zhang_dists_target_temporal_median_adaptive,Kinetics400Dataset,4303.7787,42.6222,20.0,8.0,20,55.8303624951607,89.82606650918127,65,25,0,100,12
slowonly,zhang_dists_target_temporal_median_adaptive,Kinetics400Dataset,3395.7296,35.376,20.0,8.0,20,50.719979710401056,99.40409225806451,31,0,0,100,12
videomae,zhang_dists_target_temporal_median_adaptive,Kinetics400Dataset,3590.2716,35.9725,20.0,8.0,20,54.885514358899805,98.0884039178082,73,18,6,100,12
tpn,zhang_dists_target_temporal_median_adaptive,Kinetics400Dataset,3073.9676,31.6698,20.0,8.0,20,54.54792238422756,99.64031593333334,60,1,0,100,12
tadaformer,zhang_dists_target_temporal_median_adaptive,Kinetics400Dataset,4746.0565,47.3135,20.0,8.0,20,55.037297274991985,98.97887908333331,84,7,0,100,12
videomaev2,zhang_dists_target_temporal_median_adaptive,Kinetics400Dataset,3620.3107,35.3419,20.0,8.0,20,54.86813154052334,95.2276201034977,89,13,3,100,12
c2d,zhang_dists_target_temporal_median_adaptive,Kinetics400Dataset,2885.4074,28.7085,20.0,8.0,20,54.391116288648526,95.3566378565924,69,7,0,100,12
r2plus1d,zhang_dists_target_temporal_median_adaptive,Kinetics400Dataset,3071.9297,31.2964,20.0,8.0,20,54.86505591158252,97.36826510638296,47,17,0,100,12
tanet,zhang_dists_target_temporal_median_adaptive,Kinetics400Dataset,2333.6211,22.4384,20.0,8.0,20,53.892924527045885,99.60938016176472,68,12,0,100,12
uniformer,zhang_dists_target_temporal_median_adaptive,Kinetics400Dataset,5297.9063,52.4227,20.0,8.0,20,56.321220966552325,99.50340633333334,81,20,0,100,12
videoswin,zhang_dists_target_temporal_median_adaptive,Kinetics400Dataset,6411.1828,64.0548,20.0,8.0,20,54.880318539122634,99.29441246250003,80,16,2,100,12
mvitv2,zhang_dists_target_temporal_median_adaptive,Kinetics400Dataset,6841.4199,69.3718,20.0,8.0,20,56.71534681930105,98.08867394805192,77,11,1,100,12
amd,zhang_dists_target_temporal_median_adaptive,Kinetics400Dataset,2432.6165,23.6397,20.0,8.0,20,54.738042817107505,92.37525169810209,78,16,5,100,12
actionclip,zhang_dists_target_temporal_median_adaptive,Kinetics400Dataset,1383.1562,13.8763,20.0,8.0,20,56.637537567647534,98.88838307936507,63,4,0,100,12
timesformer,zhang_lpips_target_crop_resize_adaptive,Kinetics400Dataset,266.4098,2.323,8.76,8.0,20,38.74250976564761,97.30239389473684,76,70,65,100,12
tsmnonlocal,zhang_lpips_target_crop_resize_adaptive,Kinetics400Dataset,395.7162,3.7343,8.92,8.0,20,39.23176338735192,97.01987656060605,66,61,60,100,12
ila,zhang_lpips_target_crop_resize_adaptive,Kinetics400Dataset,630.3757,6.2538,14.24,8.0,20,37.74410817587342,98.38607965853664,82,76,76,100,12
tsm,zhang_lpips_target_crop_resize_adaptive,Kinetics400Dataset,646.0057,6.3478,9.66,8.0,20,39.720405487230266,98.83987864179102,67,53,52,100,12
tsn,zhang_lpips_target_crop_resize_adaptive,Kinetics400Dataset,746.9773,7.2393,13.35,8.0,20,40.982142362427524,87.40584205127296,68,61,59,100,12
uniformerv2,zhang_lpips_target_crop_resize_adaptive,Kinetics400Dataset,858.8767,8.2801,8.28,8.0,20,39.290605522322714,95.81444456179773,89,82,82,100,12
amd,zhang_lpips_target_crop_resize_adaptive,Kinetics400Dataset,1016.8252,9.8513,6.67,8.0,20,40.39467290832862,94.93000169230768,78,74,72,100,12
videomae,zhang_lpips_target_crop_resize_adaptive,Kinetics400Dataset,694.4495,9.9833,8.69,8.0,20,38.989609094155135,96.8694975208333,48,45,44,100,12
slowonly,zhang_lpips_target_crop_resize_adaptive,Kinetics400Dataset,1259.7831,19.6652,19.5,8.0,20,42.84330281681782,95.29486619735454,22,4,2,100,12
videomaev2,zhang_lpips_target_crop_resize_adaptive,Kinetics400Dataset,655.6443,9.3385,8.3,8.0,20,39.49420607220212,97.32083617999999,50,45,45,100,12
tpn,zhang_lpips_target_crop_resize_adaptive,Kinetics400Dataset,522.8607,7.4336,8.07,8.0,20,40.62669291958738,96.13141219999999,40,36,36,100,12
c2d,zhang_lpips_target_crop_resize_adaptive,Kinetics400Dataset,474.4275,6.273,7.17,8.0,20,40.13643921223282,94.84568992235272,40,40,40,100,12
tadaformer,zhang_lpips_target_crop_resize_adaptive,Kinetics400Dataset,1937.4783,32.123,18.5,8.0,20,36.550960220554344,87.91001297727271,44,35,33,100,12
onepeace,zhang_lpips_target_crop_resize_adaptive,Kinetics400Dataset,4540.7565,45.5913,19.64,8.0,20,38.49718904172355,98.72122604054053,74,38,8,100,12
r2plus1d,zhang_lpips_target_crop_resize_adaptive,Kinetics400Dataset,736.5797,10.9114,12.8,8.0,20,37.935033770384436,94.17882959683901,25,25,25,100,12
tanet,zhang_lpips_target_crop_resize_adaptive,Kinetics400Dataset,823.0258,11.6427,12.47,8.0,20,38.223507953526884,98.1024810882353,34,32,32,100,12
uniformer,zhang_lpips_target_crop_resize_adaptive,Kinetics400Dataset,920.0281,13.6665,9.49,8.0,20,40.79243798660142,94.01471825581395,43,42,42,100,12
mvitv2,zhang_lpips_target_crop_resize_adaptive,Kinetics400Dataset,1058.2867,15.3302,8.18,8.0,20,41.42826873480337,95.99938985070617,44,41,41,100,12
videoswin,zhang_lpips_target_crop_resize_adaptive,Kinetics400Dataset,1230.7249,18.2182,9.12,8.0,20,39.207233318703736,95.99863012046015,43,39,39,100,12
actionclip,zhang_lpips_target_crop_resize_adaptive,Kinetics400Dataset,1484.8646,15.1046,20.0,8.0,20,39.0571153618586,95.91437273529412,68,67,66,100,12
timesformer,zhang_lpips_target_flip_adaptive,Kinetics400Dataset,203.7502,1.453,4.52,8.0,20,43.090722938326245,98.70387374683544,79,79,79,100,12
tsmnonlocal,zhang_lpips_target_flip_adaptive,Kinetics400Dataset,316.1882,2.8545,6.49,8.0,20,42.51470975239342,99.14838855882351,68,60,60,100,12
ila,zhang_lpips_target_flip_adaptive,Kinetics400Dataset,421.9254,3.981,8.53,8.0,20,41.437234967197114,99.14572170370371,81,81,81,100,12
uniformerv2,zhang_lpips_target_flip_adaptive,Kinetics400Dataset,488.3204,4.3088,3.87,8.0,20,44.11139531458323,97.0606523033708,89,89,89,100,12
tsn,zhang_lpips_target_flip_adaptive,Kinetics400Dataset,549.3756,5.4048,9.32,8.0,20,44.555708164819094,99.46922286363635,66,55,55,100,12
tsm,zhang_lpips_target_flip_adaptive,Kinetics400Dataset,578.4711,6.0097,9.12,8.0,20,42.76114606632763,99.48961890769232,65,46,46,100,12
amd,zhang_lpips_target_flip_adaptive,Kinetics400Dataset,617.4247,5.5423,3.3,8.0,20,44.96330247663126,96.5261328481013,79,79,79,100,12
videomae,zhang_lpips_target_flip_adaptive,Kinetics400Dataset,376.3138,4.3339,3.11,8.0,20,43.25226969493179,98.62077817021274,47,47,47,100,12
videomaev2,zhang_lpips_target_flip_adaptive,Kinetics400Dataset,435.9563,5.2637,4.2,8.0,20,42.0469604537318,98.20881144,50,50,50,100,12
tpn,zhang_lpips_target_flip_adaptive,Kinetics400Dataset,451.9233,6.488,7.08,8.0,20,42.62250371988318,99.18112176923074,39,31,31,100,12
slowonly,zhang_lpips_target_flip_adaptive,Kinetics400Dataset,1262.7939,19.5739,19.41,8.0,20,42.31107634697514,98.99987186363639,22,1,1,100,12
onepeace,zhang_lpips_target_flip_adaptive,Kinetics400Dataset,1820.6431,18.8743,7.38,8.0,20,44.50615655806361,89.72581137670763,74,64,64,100,12
tadaformer,zhang_lpips_target_flip_adaptive,Kinetics400Dataset,1418.0829,23.4787,13.31,8.0,20,37.60681300694846,91.99159851111112,45,45,45,100,12
c2d,zhang_lpips_target_flip_adaptive,Kinetics400Dataset,349.3797,3.9458,4.2,8.0,20,42.18088095765434,99.01759960000001,40,40,40,100,12
uniformer,zhang_lpips_target_flip_adaptive,Kinetics400Dataset,630.7123,8.4467,5.65,8.0,20,42.75151951756175,98.75526944186046,43,43,43,100,12
r2plus1d,zhang_lpips_target_flip_adaptive,Kinetics400Dataset,791.8333,12.2921,14.93,8.0,20,37.361463733233926,98.70450110344827,29,29,29,100,12
videoswin,zhang_lpips_target_flip_adaptive,Kinetics400Dataset,729.7219,9.7716,4.62,8.0,20,42.45591026704128,98.58372702380952,42,40,40,100,12
tanet,zhang_lpips_target_flip_adaptive,Kinetics400Dataset,686.1001,9.2594,10.53,8.0,20,39.390279306083265,94.86799215120844,32,29,29,100,12
mvitv2,zhang_lpips_target_flip_adaptive,Kinetics400Dataset,683.2444,8.7809,4.31,8.0,20,43.836090824943746,96.06517182222223,45,45,45,100,12
actionclip,zhang_lpips_target_flip_adaptive,Kinetics400Dataset,1477.3862,15.0587,20.0,8.0,20,40.59984305864042,97.61210995588236,68,68,68,100,12
timesformer,zhang_lpips_target_gaussian_blur_adaptive,Kinetics400Dataset,286.3449,2.4644,6.74,8.0,20,38.871385120105245,95.55805286486486,74,70,67,100,12
tsmnonlocal,zhang_lpips_target_gaussian_blur_adaptive,Kinetics400Dataset,440.5755,4.1273,8.23,8.0,20,38.9446459995338,97.36001066071425,56,49,48,100,12
ila,zhang_lpips_target_gaussian_blur_adaptive,Kinetics400Dataset,653.5555,6.2216,13.76,8.0,20,37.45249672291778,96.17342738666665,75,73,73,100,12
tsm,zhang_lpips_target_gaussian_blur_adaptive,Kinetics400Dataset,737.8146,7.6871,9.62,8.0,20,39.165951729693674,93.91849840384612,52,42,40,100,12
tsn,zhang_lpips_target_gaussian_blur_adaptive,Kinetics400Dataset,907.5085,9.3355,12.39,8.0,20,41.4136648850206,86.8486181824729,57,52,47,100,12
uniformerv2,zhang_lpips_target_gaussian_blur_adaptive,Kinetics400Dataset,978.9878,9.3366,7.03,8.0,20,39.418966761214286,93.98976287341773,79,75,73,100,12
amd,zhang_lpips_target_gaussian_blur_adaptive,Kinetics400Dataset,1139.5108,10.6039,4.78,8.0,20,41.31696670505499,89.5461944605263,76,74,73,100,12
videomae,zhang_lpips_target_gaussian_blur_adaptive,Kinetics400Dataset,887.9539,12.8889,5.65,8.0,20,40.361355249556276,97.10233823255814,43,40,40,100,12
tpn,zhang_lpips_target_gaussian_blur_adaptive,Kinetics400Dataset,888.4457,13.9243,8.67,8.0,20,39.233955446432574,96.85612874999998,24,19,18,100,12
videomaev2,zhang_lpips_target_gaussian_blur_adaptive,Kinetics400Dataset,938.4554,14.0002,7.02,8.0,20,39.711850502806435,96.6938070681818,44,40,39,100,12
onepeace,zhang_lpips_target_gaussian_blur_adaptive,Kinetics400Dataset,2931.7517,28.948,11.71,8.0,20,40.155433079080645,98.83238467692307,65,57,44,100,12
slowonly,zhang_lpips_target_gaussian_blur_adaptive,Kinetics400Dataset,1409.4005,23.4962,16.25,8.0,20,38.216412448092136,96.32194462499999,16,10,6,100,12
c2d,zhang_lpips_target_gaussian_blur_adaptive,Kinetics400Dataset,893.0915,13.6971,8.86,8.0,20,38.609942753979766,93.1417867900737,29,27,25,100,12
r2plus1d,zhang_lpips_target_gaussian_blur_adaptive,Kinetics400Dataset,1173.0431,18.8346,13.33,8.0,20,37.60070178061324,94.99882806666666,15,15,13,100,12
tadaformer,zhang_lpips_target_gaussian_blur_adaptive,Kinetics400Dataset,2123.3346,34.8511,19.0,8.0,20,35.94693221655735,84.13832156071372,41,26,24,100,12
tanet,zhang_lpips_target_gaussian_blur_adaptive,Kinetics400Dataset,1184.5499,19.3282,13.27,8.0,20,37.50524438904824,96.49806061538462,26,24,22,100,12
videoswin,zhang_lpips_target_gaussian_blur_adaptive,Kinetics400Dataset,1584.8903,24.1831,7.0,8.0,20,39.34668090517096,96.236318175,40,38,36,100,12
mvitv2,zhang_lpips_target_gaussian_blur_adaptive,Kinetics400Dataset,1643.9409,25.3153,6.85,8.0,20,41.75919268011182,96.74976519512194,41,39,39,100,12
actionclip,zhang_lpips_target_gaussian_blur_adaptive,Kinetics400Dataset,1714.8317,18.4518,20.0,8.0,20,38.630969584527804,93.08852073437502,64,64,64,100,12
uniformer,zhang_lpips_target_gaussian_blur_adaptive,Kinetics400Dataset,1514.6041,23.5114,9.52,8.0,20,40.281182674603045,96.69998786363634,44,39,37,100,12
timesformer,zhang_lpips_target_no_defence_non-adaptive,Kinetics400Dataset,201.6408,1.4293,4.58,8.0,20,43.03567505911198,98.69482492405062,79,79,79,100,12
tsmnonlocal,zhang_lpips_target_no_defence_non-adaptive,Kinetics400Dataset,307.6288,2.6769,5.85,8.0,20,42.53012117288531,94.70000483582088,67,62,62,100,12
ila,zhang_lpips_target_no_defence_non-adaptive,Kinetics400Dataset,429.6994,4.0419,8.73,8.0,20,41.29679974980903,74.65408870773452,82,82,82,100,12
tsm,zhang_lpips_target_no_defence_non-adaptive,Kinetics400Dataset,550.2095,5.467,8.16,8.0,20,42.80713195740949,99.44448259701494,67,51,51,100,12
tsn,zhang_lpips_target_no_defence_non-adaptive,Kinetics400Dataset,510.3905,4.7379,9.19,8.0,20,44.77495150361313,99.41907066666673,72,60,60,100,12
uniformerv2,zhang_lpips_target_no_defence_non-adaptive,Kinetics400Dataset,506.9744,4.4606,3.89,8.0,20,44.051900097028,89.02935815982896,88,88,88,100,12
amd,zhang_lpips_target_no_defence_non-adaptive,Kinetics400Dataset,598.972,5.3986,3.23,8.0,20,45.03019700323091,96.62764018749998,80,80,80,100,12
onepeace,zhang_lpips_target_no_defence_non-adaptive,Kinetics400Dataset,1750.7889,17.8675,7.12,8.0,20,44.39909374024946,98.06700835616441,73,65,65,100,12
videomaev2,zhang_lpips_target_no_defence_non-adaptive,Kinetics400Dataset,442.9055,5.407,4.37,8.0,20,41.84600006354188,96.19154071428574,49,49,49,100,12
tpn,zhang_lpips_target_no_defence_non-adaptive,Kinetics400Dataset,449.2024,6.5482,7.16,8.0,20,42.197028258432496,98.88690035135136,37,30,30,100,12
videomae,zhang_lpips_target_no_defence_non-adaptive,Kinetics400Dataset,398.0344,4.4733,3.13,8.0,20,43.21880821605266,94.80286332617568,47,47,47,100,12
slowonly,zhang_lpips_target_no_defence_non-adaptive,Kinetics400Dataset,1257.6637,19.4379,19.41,8.0,20,42.316380348245616,98.99949522727275,22,1,1,100,12
tadaformer,zhang_lpips_target_no_defence_non-adaptive,Kinetics400Dataset,1439.7031,23.3956,13.26,8.0,20,37.62639105463511,89.98181779069768,43,43,43,100,12
c2d,zhang_lpips_target_no_defence_non-adaptive,Kinetics400Dataset,346.7849,3.947,4.2,8.0,20,42.160167685682694,96.72845182926828,41,41,41,100,12
r2plus1d,zhang_lpips_target_no_defence_non-adaptive,Kinetics400Dataset,749.0779,10.3373,12.96,8.0,20,37.7683953607192,94.35677274629242,26,26,25,100,12
tanet,zhang_lpips_target_no_defence_non-adaptive,Kinetics400Dataset,704.0547,10.2954,11.0,8.0,20,38.99798890780695,94.52735532407544,34,32,31,100,12
uniformer,zhang_lpips_target_no_defence_non-adaptive,Kinetics400Dataset,625.4126,8.3151,5.56,8.0,20,42.847918457913394,98.78313393023257,43,43,43,100,12
videoswin,zhang_lpips_target_no_defence_non-adaptive,Kinetics400Dataset,731.2895,9.5689,4.56,8.0,20,42.51373850886463,98.52694027906978,43,41,41,100,12
mvitv2,zhang_lpips_target_no_defence_non-adaptive,Kinetics400Dataset,673.3376,8.7087,4.32,8.0,20,43.82772495975428,98.4129470227273,44,44,44,100,12
actionclip,zhang_lpips_target_no_defence_non-adaptive,Kinetics400Dataset,1479.3415,14.8504,20.0,8.0,20,40.5592041365856,96.06213398507462,67,67,67,100,12
timesformer,zhang_lpips_target_rotate_adaptive,Kinetics400Dataset,407.7436,3.8566,14.2,8.0,20,37.395474473958025,96.64200707042254,71,64,46,100,12
tsmnonlocal,zhang_lpips_target_rotate_adaptive,Kinetics400Dataset,580.5466,5.5376,14.0,8.0,20,37.39735525379347,98.02489072881359,59,55,46,100,12
ila,zhang_lpips_target_rotate_adaptive,Kinetics400Dataset,814.5756,7.8834,18.69,8.0,20,36.771118256608354,98.30383924324322,74,51,46,100,12
tsm,zhang_lpips_target_rotate_adaptive,Kinetics400Dataset,950.0795,9.588,14.83,8.0,20,37.494272950102356,98.10599878846152,52,45,34,100,12
tsn,zhang_lpips_target_rotate_adaptive,Kinetics400Dataset,1075.2141,11.086,18.51,8.0,20,39.451257310060306,98.77915736507939,63,54,37,100,12
uniformerv2,zhang_lpips_target_rotate_adaptive,Kinetics400Dataset,1545.9286,15.6457,14.44,8.0,20,37.57816938896994,94.13625096511629,86,78,69,100,12
amd,zhang_lpips_target_rotate_adaptive,Kinetics400Dataset,1666.5199,15.8251,10.43,8.0,20,39.001458533191695,93.6418257066667,75,66,65,100,12
videomae,zhang_lpips_target_rotate_adaptive,Kinetics400Dataset,899.8337,13.5841,11.81,8.0,20,38.12470237277614,96.23393525531915,47,39,37,100,12
slowonly,zhang_lpips_target_rotate_adaptive,Kinetics400Dataset,1255.6799,18.2038,18.68,8.0,20,40.26449772336936,98.6710985789474,19,9,3,100,12
tpn,zhang_lpips_target_rotate_adaptive,Kinetics400Dataset,664.4786,9.0677,9.9,8.0,20,39.079413968709225,98.15639309677421,31,28,23,100,12
tadaformer,zhang_lpips_target_rotate_adaptive,Kinetics400Dataset,2076.0697,33.6476,19.32,8.0,20,36.49866354201128,89.98491661363634,44,29,24,100,12
c2d,zhang_lpips_target_rotate_adaptive,Kinetics400Dataset,623.7393,9.4717,11.38,8.0,20,38.40524630455934,98.604606925,40,38,34,100,12
videomaev2,zhang_lpips_target_rotate_adaptive,Kinetics400Dataset,810.2458,12.1178,10.75,8.0,20,38.592172443108225,96.63765111764708,51,47,46,100,12
onepeace,zhang_lpips_target_rotate_adaptive,Kinetics400Dataset,4651.1049,46.622,19.93,8.0,20,38.139455517927054,98.67756353424656,73,42,0,100,12
r2plus1d,zhang_lpips_target_rotate_adaptive,Kinetics400Dataset,962.1452,14.0478,17.22,8.0,20,36.839597481127065,97.88971404347826,23,22,16,100,12
tanet,zhang_lpips_target_rotate_adaptive,Kinetics400Dataset,1058.8771,16.6345,18.14,8.0,20,36.86405677807526,98.22849668965519,29,28,26,100,12
uniformer,zhang_lpips_target_rotate_adaptive,Kinetics400Dataset,1242.9991,19.6674,13.63,8.0,20,39.29645190325199,97.90625578048781,41,40,38,100,12
mvitv2,zhang_lpips_target_rotate_adaptive,Kinetics400Dataset,1460.8553,22.9608,12.41,8.0,20,39.633303740634624,96.60912731818183,44,37,35,100,12
videoswin,zhang_lpips_target_rotate_adaptive,Kinetics400Dataset,1504.1246,23.313,11.93,8.0,20,38.265835935368486,97.57967560975611,41,39,32,100,12
actionclip,zhang_lpips_target_rotate_adaptive,Kinetics400Dataset,1508.6962,15.3077,20.0,8.0,20,38.79262168068094,95.81816556164382,73,68,52,100,12
timesformer,zhang_lpips_target_shuffle_adaptive,Kinetics400Dataset,226.6825,1.7422,5.34,8.0,20,43.89204919440429,99.03884172972973,74,74,74,100,12
tsmnonlocal,zhang_lpips_target_shuffle_adaptive,Kinetics400Dataset,341.6674,3.182,6.53,8.0,20,42.464995498776666,99.09149087878787,66,58,58,100,12
tsm,zhang_lpips_target_shuffle_adaptive,Kinetics400Dataset,596.406,5.8948,8.18,8.0,20,42.79056932907231,99.44425734328358,67,51,51,100,12
ila,zhang_lpips_target_shuffle_adaptive,Kinetics400Dataset,443.4707,4.1849,8.79,8.0,20,41.270201149955064,99.11225893902434,82,82,82,100,12
tsn,zhang_lpips_target_shuffle_adaptive,Kinetics400Dataset,588.9665,5.5323,9.19,8.0,20,44.77570525584819,99.41882772222229,72,60,60,100,12
uniformerv2,zhang_lpips_target_shuffle_adaptive,Kinetics400Dataset,598.4756,5.4526,4.61,8.0,20,44.78045893867316,98.28800836363631,88,88,88,100,12
amd,zhang_lpips_target_shuffle_adaptive,Kinetics400Dataset,909.2067,8.311,5.05,8.0,20,44.22211174191335,97.66371451282052,78,77,77,100,12
onepeace,zhang_lpips_target_shuffle_adaptive,Kinetics400Dataset,1915.1439,18.8718,7.5,8.0,20,44.996923906491524,99.46758486111112,72,68,61,100,12
videomae,zhang_lpips_target_shuffle_adaptive,Kinetics400Dataset,552.2041,7.2268,5.17,8.0,20,42.223148829728466,98.48707676086957,46,46,46,100,12
slowonly,zhang_lpips_target_shuffle_adaptive,Kinetics400Dataset,1320.0245,20.5973,19.62,8.0,20,43.86428637041921,98.94890604761908,21,3,1,100,12
c2d,zhang_lpips_target_shuffle_adaptive,Kinetics400Dataset,483.8106,6.273,6.03,8.0,20,42.02949686593594,99.04454192499999,40,40,40,100,12
tpn,zhang_lpips_target_shuffle_adaptive,Kinetics400Dataset,518.9746,7.2524,6.37,8.0,20,42.33366903734783,98.88987925714288,35,33,33,100,12
videomaev2,zhang_lpips_target_shuffle_adaptive,Kinetics400Dataset,658.0721,9.2425,7.43,8.0,20,40.82957495645338,98.06934717021278,47,46,46,100,12
tadaformer,zhang_lpips_target_shuffle_adaptive,Kinetics400Dataset,1974.6194,32.1807,18.27,8.0,20,37.670601179997384,92.95222264444445,45,37,34,100,12
tanet,zhang_lpips_target_shuffle_adaptive,Kinetics400Dataset,843.0965,12.8131,11.29,8.0,20,38.84988478190189,98.28202585294119,34,32,31,100,12
r2plus1d,zhang_lpips_target_shuffle_adaptive,Kinetics400Dataset,1029.1044,15.6319,17.08,8.0,20,37.90789122141704,98.71690988461539,26,26,24,100,12
videoswin,zhang_lpips_target_shuffle_adaptive,Kinetics400Dataset,920.5657,13.1407,5.7,8.0,20,42.250227225596106,98.68465780000002,40,40,40,100,12
uniformer,zhang_lpips_target_shuffle_adaptive,Kinetics400Dataset,961.3211,14.384,8.91,8.0,20,41.869506299687075,98.72020591304347,46,46,46,100,12
mvitv2,zhang_lpips_target_shuffle_adaptive,Kinetics400Dataset,1188.0685,17.8301,8.49,8.0,20,42.05387914052559,97.96216509302324,43,42,42,100,12
actionclip,zhang_lpips_target_shuffle_adaptive,Kinetics400Dataset,1327.1637,15.1389,20.0,8.0,20,41.35871093729766,97.79246261764703,68,68,68,100,12
timesformer,zhang_lpips_target_temporal_median_adaptive,Kinetics400Dataset,244.0044,1.9112,4.18,8.0,20,45.25492418033982,98.93984745070424,71,71,71,100,12
tsmnonlocal,zhang_lpips_target_temporal_median_adaptive,Kinetics400Dataset,341.3433,3.1567,6.75,8.0,20,42.48861330449621,99.1210029552239,67,58,58,100,12
ila,zhang_lpips_target_temporal_median_adaptive,Kinetics400Dataset,452.6944,4.2959,8.76,8.0,20,41.2800622411639,99.11551739024388,82,82,82,100,12
tsm,zhang_lpips_target_temporal_median_adaptive,Kinetics400Dataset,594.1494,5.9528,8.16,8.0,20,42.80719514314567,99.44478759701492,67,51,51,100,12
tsn,zhang_lpips_target_temporal_median_adaptive,Kinetics400Dataset,572.4351,5.3942,9.18,8.0,20,44.78279927218544,99.41924304166672,72,60,60,100,12
uniformerv2,zhang_lpips_target_temporal_median_adaptive,Kinetics400Dataset,689.5377,6.4721,4.15,8.0,20,45.265346255962065,98.34988952873563,87,87,87,100,12
onepeace,zhang_lpips_target_temporal_median_adaptive,Kinetics400Dataset,1736.62,17.1285,5.72,8.0,20,46.24298976051465,99.42514095384612,65,64,64,100,12
amd,zhang_lpips_target_temporal_median_adaptive,Kinetics400Dataset,905.0485,8.4268,3.42,8.0,20,46.26798780221457,96.88724680769228,78,78,78,100,12
c2d,zhang_lpips_target_temporal_median_adaptive,Kinetics400Dataset,473.9481,5.0948,4.11,8.0,20,43.8235293644806,99.06419786111114,36,36,36,100,12
tpn,zhang_lpips_target_temporal_median_adaptive,Kinetics400Dataset,533.811,6.9952,5.29,8.0,20,43.79497878054961,99.05571689285715,28,26,26,100,12
tanet,zhang_lpips_target_temporal_median_adaptive,Kinetics400Dataset,754.0586,11.0831,11.12,8.0,20,38.93240637743212,98.30005691176471,34,32,32,100,12
videomaev2,zhang_lpips_target_temporal_median_adaptive,Kinetics400Dataset,619.5247,7.2255,4.49,8.0,20,43.43923533745189,98.66937816326534,49,49,49,100,12
videomae,zhang_lpips_target_temporal_median_adaptive,Kinetics400Dataset,522.1484,5.261,2.92,8.0,20,45.21038273897243,98.8813637894737,38,38,38,100,12
uniformer,zhang_lpips_target_temporal_median_adaptive,Kinetics400Dataset,921.4725,11.1057,5.23,8.0,20,44.750951928744584,98.98994429545452,44,44,44,100,12
videoswin,zhang_lpips_target_temporal_median_adaptive,Kinetics400Dataset,981.6396,11.6446,4.14,8.0,20,44.10222928875861,98.63913209523811,42,41,41,100,12
r2plus1d,zhang_lpips_target_temporal_median_adaptive,Kinetics400Dataset,918.575,13.81,12.67,8.0,20,39.58651465103163,98.49743949999998,24,24,24,100,12
mvitv2,zhang_lpips_target_temporal_median_adaptive,Kinetics400Dataset,1098.5125,13.0868,4.6,8.0,20,45.289466275026754,98.69141417499999,40,40,40,100,12
slowonly,zhang_lpips_target_temporal_median_adaptive,Kinetics400Dataset,1522.0345,24.2746,18.93,8.0,20,43.59990316789674,98.85834157142857,14,1,1,100,12
tadaformer,zhang_lpips_target_temporal_median_adaptive,Kinetics400Dataset,1719.3367,27.1331,14.16,8.0,20,38.84690414974486,96.05960386363635,44,43,43,100,12
actionclip,zhang_lpips_target_temporal_median_adaptive,Kinetics400Dataset,2157.6562,23.0598,20.0,8.0,20,41.959611634599405,98.01811065079362,63,63,63,100,12
timesformer,zhang_ssim_target_crop_resize_adaptive,Kinetics400Dataset,195.7143,1.3466,11.8,8.0,20,38.905445809465675,97.74008309210525,76,65,64,100,12
tsmnonlocal,zhang_ssim_target_crop_resize_adaptive,Kinetics400Dataset,305.331,2.6231,9.95,8.0,20,41.99081921020901,98.68124131746033,63,57,57,100,12
ila,zhang_ssim_target_crop_resize_adaptive,Kinetics400Dataset,498.9753,4.5675,16.12,8.0,20,38.42557250864453,74.52628912339496,83,75,74,100,12
tsm,zhang_ssim_target_crop_resize_adaptive,Kinetics400Dataset,439.5686,4.0154,11.5,8.0,20,46.50873154962028,99.05914489393938,66,50,50,100,12
tsn,zhang_ssim_target_crop_resize_adaptive,Kinetics400Dataset,374.1382,2.9984,15.08,8.0,20,44.413065523323645,87.45281594768389,66,58,53,100,12
uniformerv2,zhang_ssim_target_crop_resize_adaptive,Kinetics400Dataset,508.7151,4.4247,10.14,8.0,20,39.76545123394696,96.38312550574715,87,84,82,100,12
amd,zhang_ssim_target_crop_resize_adaptive,Kinetics400Dataset,586.312,5.1374,8.14,8.0,20,40.96804229639201,95.95480708860762,79,72,71,100,12
videomae,zhang_ssim_target_crop_resize_adaptive,Kinetics400Dataset,908.0999,8.0165,10.24,8.0,20,39.78352351973425,96.46195697590359,83,70,68,100,12
slowonly,zhang_ssim_target_crop_resize_adaptive,Kinetics400Dataset,1481.357,14.1179,19.76,8.0,20,72.05122438880588,99.47600770731708,41,1,1,100,12
tpn,zhang_ssim_target_crop_resize_adaptive,Kinetics400Dataset,724.6617,6.4127,9.78,8.0,20,45.375043663071715,98.96974846575343,73,63,62,100,12
tadaformer,zhang_ssim_target_crop_resize_adaptive,Kinetics400Dataset,2929.0385,28.6961,19.28,8.0,20,37.652581898636264,92.1505409425287,87,54,47,100,12
c2d,zhang_ssim_target_crop_resize_adaptive,Kinetics400Dataset,676.7646,5.4466,9.76,8.0,20,40.230339025321584,99.13825084,75,74,74,100,12
videomaev2,zhang_ssim_target_crop_resize_adaptive,Kinetics400Dataset,887.7156,7.872,9.74,8.0,20,40.25537061398384,96.66255647252747,91,82,82,100,12
onepeace,zhang_ssim_target_crop_resize_adaptive,Kinetics400Dataset,3439.753,34.1819,19.71,8.0,20,43.05511332686693,98.98150614285717,77,42,7,100,12
r2plus1d,zhang_ssim_target_crop_resize_adaptive,Kinetics400Dataset,907.1676,7.995,13.69,8.0,20,38.787959259326755,96.45414363461539,52,51,49,100,12
tanet,zhang_ssim_target_crop_resize_adaptive,Kinetics400Dataset,933.1783,8.4978,13.0,8.0,20,40.14474196069418,98.4375737538462,65,60,60,100,12
uniformer,zhang_ssim_target_crop_resize_adaptive,Kinetics400Dataset,1245.483,11.4673,12.04,8.0,20,41.75469466131422,98.95944228395064,81,74,72,100,12
mvitv2,zhang_ssim_target_crop_resize_adaptive,Kinetics400Dataset,1422.7243,12.5112,9.7,8.0,20,42.56952783983627,97.18313440243908,82,78,77,100,12
videoswin,zhang_ssim_target_crop_resize_adaptive,Kinetics400Dataset,1900.5764,17.9828,12.28,8.0,20,40.54644619362631,97.87621649382717,81,69,67,100,12
actionclip,zhang_ssim_target_crop_resize_adaptive,Kinetics400Dataset,420.2031,3.5846,20.0,8.0,20,40.37173676512509,96.90048614285715,70,64,62,100,12
timesformer,zhang_ssim_target_flip_adaptive,Kinetics400Dataset,166.7553,0.947,5.61,8.0,20,43.277945266807514,98.78353741772156,79,79,79,100,12
tsmnonlocal,zhang_ssim_target_flip_adaptive,Kinetics400Dataset,257.9592,2.1679,7.77,8.0,20,45.82961303762987,99.15490193548388,62,54,54,100,12
ila,zhang_ssim_target_flip_adaptive,Kinetics400Dataset,335.7298,2.978,9.64,8.0,20,42.18949540610309,99.22347329629629,81,81,81,100,12
tsm,zhang_ssim_target_flip_adaptive,Kinetics400Dataset,381.3435,3.5269,9.77,8.0,20,51.13767473237829,99.55430910769232,65,46,46,100,12
tsn,zhang_ssim_target_flip_adaptive,Kinetics400Dataset,273.3894,1.6547,10.0,8.0,20,50.17128384591463,99.49694245454546,66,55,55,100,12
uniformerv2,zhang_ssim_target_flip_adaptive,Kinetics400Dataset,343.0205,2.4753,4.37,8.0,20,44.656307503748096,98.36188284269663,89,89,89,100,12
amd,zhang_ssim_target_flip_adaptive,Kinetics400Dataset,616.5467,4.0585,3.68,8.0,20,45.772113276719544,91.78614664321094,79,79,79,100,12
videomae,zhang_ssim_target_flip_adaptive,Kinetics400Dataset,658.4419,3.7474,3.56,8.0,20,45.68770461129537,99.17934479761904,84,84,84,100,12
tpn,zhang_ssim_target_flip_adaptive,Kinetics400Dataset,677.5765,5.5057,8.23,8.0,20,51.382882820248284,99.53955271232876,73,56,56,100,12
slowonly,zhang_ssim_target_flip_adaptive,Kinetics400Dataset,1463.179,13.7273,19.56,8.0,20,72.60150012452166,97.1259589534884,43,2,2,100,12
onepeace,zhang_ssim_target_flip_adaptive,Kinetics400Dataset,1510.0343,14.9592,7.97,8.0,20,49.40950766541727,96.95014963513515,74,64,64,100,12
tadaformer,zhang_ssim_target_flip_adaptive,Kinetics400Dataset,2340.7374,23.1795,15.34,8.0,20,40.14557422392979,95.93268941379309,87,86,86,100,12
c2d,zhang_ssim_target_flip_adaptive,Kinetics400Dataset,658.0722,3.3706,5.26,8.0,20,43.94770861222536,99.44622172972973,74,74,74,100,12
videomaev2,zhang_ssim_target_flip_adaptive,Kinetics400Dataset,985.0166,5.625,4.97,8.0,20,44.3775358367551,94.84160507036471,91,91,91,100,12
r2plus1d,zhang_ssim_target_flip_adaptive,Kinetics400Dataset,1057.7352,9.91,14.58,8.0,20,39.9801236011924,94.78252978766939,57,57,57,100,12
tanet,zhang_ssim_target_flip_adaptive,Kinetics400Dataset,843.3359,7.7976,11.74,8.0,20,43.309205736274606,96.24245024242427,66,61,61,100,12
videoswin,zhang_ssim_target_flip_adaptive,Kinetics400Dataset,1034.7353,8.8859,4.96,8.0,20,46.23391208862553,95.3972100125,80,77,77,100,12
mvitv2,zhang_ssim_target_flip_adaptive,Kinetics400Dataset,1234.6603,7.0783,4.73,8.0,20,46.854454888823,99.0556232804878,82,82,82,100,12
uniformer,zhang_ssim_target_flip_adaptive,Kinetics400Dataset,1436.016,8.3326,6.32,8.0,20,45.70423419284472,96.71484318471998,81,81,81,100,12
actionclip,zhang_ssim_target_flip_adaptive,Kinetics400Dataset,415.7881,3.5209,20.0,8.0,20,41.856449706846625,98.0817781029412,68,68,68,100,12
timesformer,zhang_ssim_target_gaussian_blur_adaptive,Kinetics400Dataset,232.8029,1.845,8.88,8.0,20,38.89243843370188,94.34938869863015,73,71,67,100,12
tsmnonlocal,zhang_ssim_target_gaussian_blur_adaptive,Kinetics400Dataset,393.06,3.3297,9.53,8.0,20,39.96202116454558,74.30539013676186,58,52,48,100,12
tsn,zhang_ssim_target_gaussian_blur_adaptive,Kinetics400Dataset,497.1823,4.3844,13.51,8.0,20,42.917220596059735,98.7041246984127,63,60,54,100,12
ila,zhang_ssim_target_gaussian_blur_adaptive,Kinetics400Dataset,524.0252,4.759,15.11,8.0,20,38.18729039781864,97.92636916000006,75,71,71,100,12
tsm,zhang_ssim_target_gaussian_blur_adaptive,Kinetics400Dataset,612.1862,5.6734,11.12,8.0,20,45.1630910075827,82.30124291506603,56,44,42,100,12
uniformerv2,zhang_ssim_target_gaussian_blur_adaptive,Kinetics400Dataset,717.7977,6.4211,8.11,8.0,20,40.068104127866185,94.99733487951808,83,75,74,100,12
amd,zhang_ssim_target_gaussian_blur_adaptive,Kinetics400Dataset,866.8291,7.8743,5.76,8.0,20,41.805127244009725,94.56592527631581,76,73,70,100,12
onepeace,zhang_ssim_target_gaussian_blur_adaptive,Kinetics400Dataset,2586.2652,24.0808,12.71,8.0,20,42.54901374659742,98.73400104615386,65,54,37,100,12
videomae,zhang_ssim_target_gaussian_blur_adaptive,Kinetics400Dataset,1349.0252,12.2137,5.89,8.0,20,41.51204925362039,98.0079547763158,76,70,68,100,12
tpn,zhang_ssim_target_gaussian_blur_adaptive,Kinetics400Dataset,1415.5389,13.9695,9.62,8.0,20,43.729269931714036,98.47343005172414,58,48,45,100,12
slowonly,zhang_ssim_target_gaussian_blur_adaptive,Kinetics400Dataset,2213.7052,23.0315,18.0,8.0,20,62.60001272914988,99.2935123023256,43,12,9,100,12
videomaev2,zhang_ssim_target_gaussian_blur_adaptive,Kinetics400Dataset,1456.7302,13.6533,7.62,8.0,20,40.74293988713715,96.14799942528735,87,82,81,100,12
c2d,zhang_ssim_target_gaussian_blur_adaptive,Kinetics400Dataset,1318.1072,12.5277,9.92,8.0,20,39.693195867358334,98.04136101562494,64,64,62,100,12
r2plus1d,zhang_ssim_target_gaussian_blur_adaptive,Kinetics400Dataset,1696.8039,16.5562,13.6,8.0,20,38.706797263769154,96.95803136170214,47,47,45,100,12
tadaformer,zhang_ssim_target_gaussian_blur_adaptive,Kinetics400Dataset,3355.6451,33.1366,18.79,8.0,20,37.188511270692075,91.40044770731706,82,61,59,100,12
tanet,zhang_ssim_target_gaussian_blur_adaptive,Kinetics400Dataset,1930.918,18.2549,12.26,8.0,20,40.37802918827423,93.68274438600871,58,54,52,100,12
uniformer,zhang_ssim_target_gaussian_blur_adaptive,Kinetics400Dataset,2278.3873,21.6402,9.54,8.0,20,41.954550750032965,98.33088696249997,80,78,76,100,12
videoswin,zhang_ssim_target_gaussian_blur_adaptive,Kinetics400Dataset,2505.0919,23.8719,7.35,8.0,20,41.15636225327106,95.8613112051282,78,75,73,100,12
mvitv2,zhang_ssim_target_gaussian_blur_adaptive,Kinetics400Dataset,2591.8999,24.201,6.74,8.0,20,43.36751434651232,96.78923903846157,78,72,71,100,12
actionclip,zhang_ssim_target_gaussian_blur_adaptive,Kinetics400Dataset,745.4796,6.8829,20.0,8.0,20,39.58439854191647,94.46283544615385,65,64,63,100,12
timesformer,zhang_ssim_target_no_defence_non-adaptive,Kinetics400Dataset,165.1506,0.9246,5.75,8.0,20,43.13063561172825,98.7970221392405,79,79,79,100,12
tsmnonlocal,zhang_ssim_target_no_defence_non-adaptive,Kinetics400Dataset,246.7704,1.9063,6.42,8.0,20,44.607268570167,99.18050824637679,69,64,64,100,12
ila,zhang_ssim_target_no_defence_non-adaptive,Kinetics400Dataset,340.229,3.0164,9.89,8.0,20,41.968529013326695,99.21276950000001,82,82,82,100,12
tsm,zhang_ssim_target_no_defence_non-adaptive,Kinetics400Dataset,367.3823,3.2648,8.88,8.0,20,50.167658746600765,99.5182012089552,67,51,51,100,12
tsn,zhang_ssim_target_no_defence_non-adaptive,Kinetics400Dataset,277.5169,1.5847,9.97,8.0,20,49.76098391641912,99.44155538888887,72,61,61,100,12
uniformerv2,zhang_ssim_target_no_defence_non-adaptive,Kinetics400Dataset,341.7232,2.4181,4.36,8.0,20,44.63478318873118,98.3502782727273,88,88,88,100,12
amd,zhang_ssim_target_no_defence_non-adaptive,Kinetics400Dataset,468.7341,3.0604,3.56,8.0,20,45.850938189030174,98.09713291250002,80,80,80,100,12
onepeace,zhang_ssim_target_no_defence_non-adaptive,Kinetics400Dataset,1470.5158,14.4397,7.74,8.0,20,48.64322784032773,89.7698576120315,73,65,65,100,12
videomae,zhang_ssim_target_no_defence_non-adaptive,Kinetics400Dataset,657.5063,3.6461,3.55,8.0,20,45.68884997409332,98.01888357142856,84,84,84,100,12
tpn,zhang_ssim_target_no_defence_non-adaptive,Kinetics400Dataset,666.3456,5.1864,7.79,8.0,20,50.39661127962612,97.9927008309859,71,57,57,100,12
slowonly,zhang_ssim_target_no_defence_non-adaptive,Kinetics400Dataset,1460.1013,13.7269,19.7,8.0,20,72.60716857554,92.48233437209304,43,1,1,100,12
videomaev2,zhang_ssim_target_no_defence_non-adaptive,Kinetics400Dataset,662.9562,4.664,5.04,8.0,20,44.31695957788279,97.88695744444445,90,90,90,100,12
tadaformer,zhang_ssim_target_no_defence_non-adaptive,Kinetics400Dataset,2271.4496,22.5802,15.06,8.0,20,40.27646209182844,96.1499933882353,85,83,83,100,12
c2d,zhang_ssim_target_no_defence_non-adaptive,Kinetics400Dataset,665.4783,3.3751,5.29,8.0,20,43.94007228149978,99.53097368831169,77,77,77,100,12
r2plus1d,zhang_ssim_target_no_defence_non-adaptive,Kinetics400Dataset,1040.1752,9.6946,14.04,8.0,20,40.14169307294841,94.86729372973984,52,52,51,100,12
tanet,zhang_ssim_target_no_defence_non-adaptive,Kinetics400Dataset,831.2273,7.7102,12.03,8.0,20,42.02061788719288,99.037205117647,68,65,65,100,12
uniformer,zhang_ssim_target_no_defence_non-adaptive,Kinetics400Dataset,983.6798,6.5853,6.28,8.0,20,45.75935881744256,99.35564977777778,81,81,81,100,12
mvitv2,zhang_ssim_target_no_defence_non-adaptive,Kinetics400Dataset,1238.0245,7.0566,4.81,8.0,20,46.82502082411724,97.90510600000003,81,81,81,100,12
videoswin,zhang_ssim_target_no_defence_non-adaptive,Kinetics400Dataset,1485.1828,9.6413,4.93,8.0,20,46.26985676865629,96.6769287387709,81,78,78,100,12
actionclip,zhang_ssim_target_no_defence_non-adaptive,Kinetics400Dataset,410.7513,3.4478,20.0,8.0,20,41.848712457196854,98.02486301492536,67,67,67,100,12
timesformer,zhang_ssim_target_rotate_adaptive,Kinetics400Dataset,243.5711,1.8346,16.19,8.0,20,38.12219029731964,74.05918706291696,73,57,39,100,12
tsmnonlocal,zhang_ssim_target_rotate_adaptive,Kinetics400Dataset,432.1492,3.9057,16.39,8.0,20,39.33586755413517,98.2257079019608,51,41,29,100,12
ila,zhang_ssim_target_rotate_adaptive,Kinetics400Dataset,563.5106,5.2957,19.04,8.0,20,37.9955429497982,97.3895445,76,45,37,100,12
tsm,zhang_ssim_target_rotate_adaptive,Kinetics400Dataset,600.7981,5.515,16.32,8.0,20,41.40540171932458,96.59607280357143,56,43,34,100,12
tsn,zhang_ssim_target_rotate_adaptive,Kinetics400Dataset,402.7889,3.1689,19.33,8.0,20,41.03154817286441,87.30562683782286,63,41,25,100,12
uniformerv2,zhang_ssim_target_rotate_adaptive,Kinetics400Dataset,730.356,6.7883,15.94,8.0,20,38.44242372393696,95.5734850235294,85,65,58,100,12
amd,zhang_ssim_target_rotate_adaptive,Kinetics400Dataset,790.9928,7.2752,12.66,8.0,20,39.6210843241286,94.99141167105266,76,60,58,100,12
slowonly,zhang_ssim_target_rotate_adaptive,Kinetics400Dataset,1534.5515,14.6665,19.46,8.0,20,70.65179093754548,96.53401048571432,35,8,1,100,12
videomae,zhang_ssim_target_rotate_adaptive,Kinetics400Dataset,1298.9674,11.7886,14.92,8.0,20,38.77054730718662,97.00141874698792,83,57,47,100,12
onepeace,zhang_ssim_target_rotate_adaptive,Kinetics400Dataset,3613.1037,35.3304,20.0,8.0,20,40.059645985046956,89.37638236257217,71,32,0,100,12
tpn,zhang_ssim_target_rotate_adaptive,Kinetics400Dataset,960.3813,9.1679,14.16,8.0,20,39.70949210900247,98.22972442857143,63,52,39,100,12
c2d,zhang_ssim_target_rotate_adaptive,Kinetics400Dataset,899.6925,8.1947,15.78,8.0,20,38.56054233076905,95.75632268656716,67,57,41,100,12
r2plus1d,zhang_ssim_target_rotate_adaptive,Kinetics400Dataset,1179.0642,10.7822,18.48,8.0,20,37.90783806745025,97.79364120000004,50,45,25,100,12
videomaev2,zhang_ssim_target_rotate_adaptive,Kinetics400Dataset,780.4962,12.0011,14.73,8.0,20,39.01009763270828,95.65999357547778,90,64,61,100,12
tadaformer,zhang_ssim_target_rotate_adaptive,Kinetics400Dataset,3042.245,29.7728,19.67,8.0,20,37.82658919278462,89.62501715620306,85,32,18,100,12
tanet,zhang_ssim_target_rotate_adaptive,Kinetics400Dataset,1329.6638,12.3104,18.53,8.0,20,38.49647596680689,94.03386932632806,59,43,34,100,12
uniformer,zhang_ssim_target_rotate_adaptive,Kinetics400Dataset,1607.8685,15.3185,15.82,8.0,20,40.59885857877889,97.37223858227847,79,56,47,100,12
videoswin,zhang_ssim_target_rotate_adaptive,Kinetics400Dataset,2474.1611,23.7779,15.87,8.0,20,39.21650976768865,97.56915006493506,77,61,43,100,12
mvitv2,zhang_ssim_target_rotate_adaptive,Kinetics400Dataset,2229.5907,20.3085,14.72,8.0,20,40.83976634561765,95.7771669981516,83,61,54,100,12
actionclip,zhang_ssim_target_rotate_adaptive,Kinetics400Dataset,448.0631,3.9469,20.0,8.0,20,40.12527093497637,96.75695542028983,69,51,33,100,12
timesformer,zhang_ssim_target_shuffle_adaptive,Kinetics400Dataset,180.7928,1.1369,6.65,8.0,20,44.07984718170577,99.1283046666667,75,72,71,100,12
tsmnonlocal,zhang_ssim_target_shuffle_adaptive,Kinetics400Dataset,279.0835,2.3627,7.39,8.0,20,45.59972727664625,97.59729237096772,62,55,55,100,12
ila,zhang_ssim_target_shuffle_adaptive,Kinetics400Dataset,362.0692,3.2412,9.87,8.0,20,41.97454265445962,96.78962680487805,82,82,82,100,12
tsm,zhang_ssim_target_shuffle_adaptive,Kinetics400Dataset,417.9282,3.7636,8.88,8.0,20,50.167879859094135,98.02944507462684,67,51,51,100,12
tsn,zhang_ssim_target_shuffle_adaptive,Kinetics400Dataset,408.5222,3.2504,10.0,8.0,20,49.747539340328764,87.64099235190976,72,61,61,100,12
uniformerv2,zhang_ssim_target_shuffle_adaptive,Kinetics400Dataset,410.0767,3.3198,5.3,8.0,20,45.24159145782233,98.44208648863636,88,87,87,100,12
amd,zhang_ssim_target_shuffle_adaptive,Kinetics400Dataset,585.826,5.0421,6.23,8.0,20,44.60455683541318,97.92712496202529,79,79,79,100,12
videomae,zhang_ssim_target_shuffle_adaptive,Kinetics400Dataset,815.8607,7.0321,6.23,8.0,20,44.49656094198758,99.12359097560973,82,82,82,100,12
onepeace,zhang_ssim_target_shuffle_adaptive,Kinetics400Dataset,1739.9238,17.2652,9.1,8.0,20,47.48960904255092,99.49882548611112,72,67,66,100,12
slowonly,zhang_ssim_target_shuffle_adaptive,Kinetics400Dataset,1607.2365,15.2806,19.51,8.0,20,72.39176641374652,99.43003213953489,43,4,3,100,12
tpn,zhang_ssim_target_shuffle_adaptive,Kinetics400Dataset,796.6713,7.2972,8.15,8.0,20,45.55626991953975,99.4136355,68,64,64,100,12
videomaev2,zhang_ssim_target_shuffle_adaptive,Kinetics400Dataset,947.3427,8.5011,8.69,8.0,20,43.30465563156274,98.958139741573,89,88,88,100,12
c2d,zhang_ssim_target_shuffle_adaptive,Kinetics400Dataset,747.0983,6.3724,7.96,8.0,20,43.674617591572854,99.5305857466667,75,75,75,100,12
tadaformer,zhang_ssim_target_shuffle_adaptive,Kinetics400Dataset,2996.8267,29.5033,19.2,8.0,20,40.56777184191862,96.47266917045455,88,66,64,100,12
r2plus1d,zhang_ssim_target_shuffle_adaptive,Kinetics400Dataset,1276.0503,12.0674,18.84,8.0,20,40.181071510792286,97.29856517647059,51,51,47,100,12
tanet,zhang_ssim_target_shuffle_adaptive,Kinetics400Dataset,1202.0373,11.6916,12.22,8.0,20,41.96401441912571,97.5693911323529,68,65,62,100,12
uniformer,zhang_ssim_target_shuffle_adaptive,Kinetics400Dataset,1364.7123,12.657,10.95,8.0,20,44.56504074292855,99.3416829506173,81,79,79,100,12
videoswin,zhang_ssim_target_shuffle_adaptive,Kinetics400Dataset,1448.3456,13.3138,6.85,8.0,20,44.75848117467803,99.09116288749996,80,79,79,100,12
mvitv2,zhang_ssim_target_shuffle_adaptive,Kinetics400Dataset,2057.7647,19.0042,10.07,8.0,20,44.92897398420794,97.11652983777223,82,79,79,100,12
actionclip,zhang_ssim_target_shuffle_adaptive,Kinetics400Dataset,475.351,4.135,20.0,8.0,20,42.64207756164083,98.18435178787878,66,66,66,100,12
timesformer,zhang_ssim_target_temporal_median_adaptive,Kinetics400Dataset,210.9608,1.5126,5.08,8.0,20,45.354616992666436,98.99639850704224,71,71,71,100,12
tsmnonlocal,zhang_ssim_target_temporal_median_adaptive,Kinetics400Dataset,280.4696,2.4289,7.87,8.0,20,46.6584127977156,99.1315030322581,62,53,53,100,12
tsn,zhang_ssim_target_temporal_median_adaptive,Kinetics400Dataset,303.9106,2.3036,9.94,8.0,20,49.76736458233093,99.44820766666663,72,61,61,100,12
tsm,zhang_ssim_target_temporal_median_adaptive,Kinetics400Dataset,413.068,3.7748,8.88,8.0,20,50.16771683447043,99.51812095522386,67,51,51,100,12
ila,zhang_ssim_target_temporal_median_adaptive,Kinetics400Dataset,373.476,3.3664,9.89,8.0,20,41.97048554792614,74.7084144068054,82,82,82,100,12
uniformerv2,zhang_ssim_target_temporal_median_adaptive,Kinetics400Dataset,521.5469,4.6434,4.68,8.0,20,45.8202478508565,98.48211012643674,87,87,87,100,12
amd,zhang_ssim_target_temporal_median_adaptive,Kinetics400Dataset,690.8881,6.2503,3.97,8.0,20,46.911159084222696,97.04914189743586,78,78,78,100,12
onepeace,zhang_ssim_target_temporal_median_adaptive,Kinetics400Dataset,1542.6007,14.8598,6.4,8.0,20,47.34904035454197,97.93529343076925,65,64,64,100,12
videomae,zhang_ssim_target_temporal_median_adaptive,Kinetics400Dataset,925.3874,8.5061,3.53,8.0,20,47.55490511995678,99.31976605479453,73,73,73,100,12
tpn,zhang_ssim_target_temporal_median_adaptive,Kinetics400Dataset,978.8242,10.3855,5.95,8.0,20,48.08282564595043,96.19821341666669,60,55,55,100,12
videomaev2,zhang_ssim_target_temporal_median_adaptive,Kinetics400Dataset,1070.0691,9.873,5.04,8.0,20,45.98603571100857,99.20352149438203,89,89,89,100,12
c2d,zhang_ssim_target_temporal_median_adaptive,Kinetics400Dataset,877.5552,8.4338,5.06,8.0,20,45.63575361541188,99.48047689855072,69,69,69,100,12
slowonly,zhang_ssim_target_temporal_median_adaptive,Kinetics400Dataset,2692.3478,29.5307,19.55,8.0,20,71.70152280088391,99.44108587096778,31,1,1,100,12
tadaformer,zhang_ssim_target_temporal_median_adaptive,Kinetics400Dataset,3443.5699,34.7547,16.21,8.0,20,41.380461460002756,95.51352904761904,84,81,81,100,12
tanet,zhang_ssim_target_temporal_median_adaptive,Kinetics400Dataset,1099.0335,10.829,12.24,8.0,20,41.99828876327234,99.03299730882352,68,65,65,100,12
r2plus1d,zhang_ssim_target_temporal_median_adaptive,Kinetics400Dataset,1718.7246,16.9521,13.32,8.0,20,41.93922863601275,99.20074204255317,47,47,47,100,12
uniformer,zhang_ssim_target_temporal_median_adaptive,Kinetics400Dataset,1870.2536,17.584,5.85,8.0,20,47.76373972464528,96.74459609915296,81,81,81,100,12
videoswin,zhang_ssim_target_temporal_median_adaptive,Kinetics400Dataset,1969.2683,19.1061,4.79,8.0,20,47.369543849724366,96.70069409554941,80,78,78,100,12
mvitv2,zhang_ssim_target_temporal_median_adaptive,Kinetics400Dataset,1995.5439,19.3444,5.1,8.0,20,48.45818247906974,99.25518038961037,77,77,77,100,12
actionclip,zhang_ssim_target_temporal_median_adaptive,Kinetics400Dataset,1120.5091,11.3923,20.0,8.0,20,43.14329207458341,98.3048974126984,63,63,63,100,12
